"element","name","card_name","card","rarity","max_lv","cost","atk","defense","hp","support","main_race","secondary_race","generation","main_skill","main_skill_turns","leader_skill","leader_skill_turns","source_page"
"Dark","Impmon","","1-083","Common","10","1","61","24","22","32","Dark","N/A","Child","Holy Support","5","Small Damage Return","5","https://digimon.fandom.com/wiki/Digimon%20Heroes!/Collection/Dark"
"Dark","Keramon","","1-084","Common","10","1","35","24","48","24","Dark","N/A","Child","Small Damage to All","8","Small Dark Defense Boost","7","https://digimon.fandom.com/wiki/Digimon%20Heroes!/Collection/Dark"
"Dark","Candmon","","1-085","Common","10","1","35","21","47","26","Dark","N/A","Child","Small Dark Attack Boost","7","Holy Support","5","https://digimon.fandom.com/wiki/Digimon%20Heroes!/Collection/Dark"
"Dark","Picodevimon","PicoDevimon","1-086","Common","10","1","34","23","47","25","Dark","N/A","Child","Small Damage Return","5","Evolution 1","6","https://digimon.fandom.com/wiki/Digimon%20Heroes!/Collection/Dark"
"Dark","Wizarmon","","1-087","Common","20","2","89","67","48","98","Dark","N/A","Adult","Dark Drive","5","Small Absorption","6","https://digimon.fandom.com/wiki/Digimon%20Heroes!/Collection/Dark"
"Dark","Devimon","","1-088","Uncommon","20","2","63","44","72","53","Dark","N/A","Adult","Medium Damage Return","7","Dark Drive","5","https://digimon.fandom.com/wiki/Digimon%20Heroes!/Collection/Dark"
"Dark","Bakemon","","1-089","Common","10","2","48","41","67","41","Dark","N/A","Adult","Dark Drive","5","Medium Dark Attack Boost","9","https://digimon.fandom.com/wiki/Digimon%20Heroes!/Collection/Dark"
"Dark","Orgemon","","1-090","Uncommon","20","2","60","49","70","42","Dark","N/A","Adult","Evolution 1","6","All Attack","5","https://digimon.fandom.com/wiki/Digimon%20Heroes!/Collection/Dark"
"Dark","Meramon","","1-091","Uncommon","20","2","56","48","75","48","Dark","N/A","Adult","Medium Dark Attack Boost","9","Small Absorption","6","https://digimon.fandom.com/wiki/Digimon%20Heroes!/Collection/Dark"
"Dark","Bluemeramon","BlueMeramon","1-095","Rare","30","3","79","66","94","72","Dark","N/A","Perfect","Large Dark Attack Boost","14","Large Damage Return","10","https://digimon.fandom.com/wiki/Digimon%20Heroes!/Collection/Dark"
"Dark","Deathmeramon","DeathMeramon","1-096","Rare","30","4","80","78","98","67","Dark","N/A","Perfect","Large Dark Attack Boost","14","Large Recovery Boost","11","https://digimon.fandom.com/wiki/Digimon%20Heroes!/Collection/Dark"
"Dark","Fantomon","","1-097","Rare","30","3","73","66","90","60","Dark","N/A","Perfect","Holy Seal","5","Large Damage to All","16","https://digimon.fandom.com/wiki/Digimon%20Heroes!/Collection/Dark"
"Dark","Infermon","","1-098","Rare","30","3","72","77","91","67","Dark","N/A","Perfect","Large Damage to All","16","Enemy Defense Down Large","14","https://digimon.fandom.com/wiki/Digimon%20Heroes!/Collection/Dark"
"Dark","Ladydevimon","LadyDevimon","1-099","Queen","40","4","88","80","104","81","Dark","N/A","Perfect","Large Damage Return","10","Dark Drive","5","https://digimon.fandom.com/wiki/Digimon%20Heroes!/Collection/Dark"
"Dark","Vamdemon","","1-100","Queen","40","4","91","82","102","81","Dark","N/A","Perfect","Large Damage Return","10","Large Dark Attack Boost","14","https://digimon.fandom.com/wiki/Digimon%20Heroes!/Collection/Dark"
"Dark","Demon","","1-103","King","50","6","110","105","123","92","Dark","N/A","Ultimate","Large Absorption","9","Holy Seal","4","https://digimon.fandom.com/wiki/Digimon%20Heroes!/Collection/Dark"
"Dark","Lilithmon","","1-104","King","50","4","98","90","114","86","Dark","N/A","Ultimate","Extra Large Damage Return","13","All Dark","9","https://digimon.fandom.com/wiki/Digimon%20Heroes!/Collection/Dark"
"Dark","Piemon","","1-107","Queen","40","5","98","92","115","96","Dark","N/A","Ultimate","All Dark","10","Weaken Holy Enemies","12","https://digimon.fandom.com/wiki/Digimon%20Heroes!/Collection/Dark"
"Dark","Goburimon","","2-061","Common","10","2","43","26","53","30","Dark","N/A","Child","All Attack","5","Small Damage Return","5","https://digimon.fandom.com/wiki/Digimon%20Heroes!/Collection/Dark"
"Dark","Devidramon","","2-064","Uncommon","20","3","58","64","74","46","Dark","N/A","Adult","Medium Damage Return","7","Medium Defense Boost","8","https://digimon.fandom.com/wiki/Digimon%20Heroes!/Collection/Dark"
"Dark","Chimairamon","","2-068","God +","60","6","162","149","272","130","Dark","N/A","Ultimate","Suicide Attack","11","Medium Recovery","7","https://digimon.fandom.com/wiki/Digimon%20Heroes!/Collection/Dark"
"Dark","Neodevimon","NeoDevimon","2-069","Rare","30","4","85","72","95","68","Dark","N/A","Perfect","Small Absorption","6","All Attack","5","https://digimon.fandom.com/wiki/Digimon%20Heroes!/Collection/Dark"
"Dark","Venomvamdemon","VenomVamdemon","2-071","Queen","40","5","103","91","110","81","Dark","N/A","Ultimate","Extra Large Damage Return","14","Extreme Elements","10","https://digimon.fandom.com/wiki/Digimon%20Heroes!/Collection/Dark"
"Dark","Cherubimon (evil)","Cherubimon (Evil)","2-072","God","60","6","193","189","164","98","Dark","N/A","Ultimate","Weaken All Enemies","14","Extreme Elements","9","https://digimon.fandom.com/wiki/Digimon%20Heroes!/Collection/Dark"
"Dark","Blackseraphimon","BlackSeraphimon","2-074","Queen","40","5","100","88","112","86","Dark","N/A","Ultimate","Large Absorption","10","All Dark","10","https://digimon.fandom.com/wiki/Digimon%20Heroes!/Collection/Dark"
"Dark","Belialvamdemon","BelialVamdemon","2-075","Queen","60","5","128","146","124","95","Dark","N/A","Ultimate","Dark Release","7","Small Absorption","5","https://digimon.fandom.com/wiki/Digimon%20Heroes!/Collection/Dark"
"Dark","Millenniumon","","2-076","God","60","7","218","128","209","131","Dark","N/A","Ultimate","Small Enemy Attack Delay","9","Dark Drive","4","https://digimon.fandom.com/wiki/Digimon%20Heroes!/Collection/Dark"
"Dark","Phascomon","","3-057","Common","10","1","40","39","56","26","Dark","N/A","Child","Small Dark Defense Boost","7","Small Enemy Attack Delay","10","https://digimon.fandom.com/wiki/Digimon%20Heroes!/Collection/Dark"
"Dark","Porcupamon","","3-061","Common","30","2","64","68","82","38","Dark","N/A","Adult","Holy Support","5","Medium Dark Attack Boost","9","https://digimon.fandom.com/wiki/Digimon%20Heroes!/Collection/Dark"
"Dark","Astamon","","3-062","Uncommon","50","3","110","108","78","28","Dark","N/A","Perfect","Large Damage Return","10","All Dark","10","https://digimon.fandom.com/wiki/Digimon%20Heroes!/Collection/Dark"
"Dark","Skullsatamon","SkullSatamon","3-064","Rare","30","3","71","76","87","58","Dark","N/A","Perfect","Small Absorption","6","Weaken Holy Enemies","12","https://digimon.fandom.com/wiki/Digimon%20Heroes!/Collection/Dark"
"Dark","Marindevimon","MarinDevimon","3-066","Queen","40","3","123","135","88","80","Dark","N/A","Perfect","Large Absorption","10","Medium Dark Defense Boost","9","https://digimon.fandom.com/wiki/Digimon%20Heroes!/Collection/Dark"
"Dark","Armagemon","","3-068","Queen","40","5","96","96","112","78","Dark","N/A","Ultimate","Extra Large Damage to All","20","Large Skill Boost","20","https://digimon.fandom.com/wiki/Digimon%20Heroes!/Collection/Dark"
"Dark","Barbamon","","3-070","God","60","5","202","232","212","191","Dark","N/A","Ultimate","Holy Seal","4","75% Defense","16","https://digimon.fandom.com/wiki/Digimon%20Heroes!/Collection/Dark"
"Dark","Belphemon: Ragemode","Belphemon: Rage Mode","3-071","King","60","5","129","110","111","52","Dark","N/A","Ultimate","Weaken All Enemies","14","Evolution 2","7","https://digimon.fandom.com/wiki/Digimon%20Heroes!/Collection/Dark"
"Dark","Metaletemon","MetalEtemon","3-072","Queen","40","5","95","92","114","95","Dark","N/A","Ultimate","Big Enemy Attack Delay","15","Dark Drive","5","https://digimon.fandom.com/wiki/Digimon%20Heroes!/Collection/Dark"
"Dark","Neovamdemon","NeoVamdemon","4-072","Rare","30","3","86","73","98","67","Dark","N/A","Xros Wars","Suicide Attack","12","Recovery Boost 2","8","https://digimon.fandom.com/wiki/Digimon%20Heroes!/Collection/Dark"
"Dark","Chrysalimon","","4-082","Uncommon","20","2","56","50","71","48","Dark","N/A","Adult","Medium Damage to All","12","Medium Recovery Boost","7","https://digimon.fandom.com/wiki/Digimon%20Heroes!/Collection/Dark"
"Dark","Devimon & Lady Devimon","Devimon & LadyDevimon","5-001","God","60","4","77","38","74","60","Dark","Dark","Perfect/Adult","All Dark","10","Weaken Holy Enemies","12","https://digimon.fandom.com/wiki/Digimon%20Heroes!/Collection/Dark"
"Dark","Omegamon Zwart","","5-059","King","60","6","124","118","128","88","Dark","N/A","Ultimate","Big Enemy Attack Delay","14","Weaken All Enemies","14","https://digimon.fandom.com/wiki/Digimon%20Heroes!/Collection/Dark"
"Dark","Armagemon","","5-228","Queen","50","5","116","190","132","98","Dark","N/A","Ultimate","Extra Large Damage to All","19","Large Skill Boost","19","https://digimon.fandom.com/wiki/Digimon%20Heroes!/Collection/Dark"
"Dark","Neovamdemon","NeoVamdemon","5-229","SP","50","3","153","131","134","111","Dark","N/A","Xros Wars","Suicide Attack","11","Large Recovery","9","https://digimon.fandom.com/wiki/Digimon%20Heroes!/Collection/Dark"
"Dark","Belphemon: Ragemode","Belphemon: Rage Mode","5-231","King","60","5","154","135","136","77","Dark","N/A","Ultimate","Weaken All Enemies","14","All Attack","4","https://digimon.fandom.com/wiki/Digimon%20Heroes!/Collection/Dark"
"Dark","Lilithmon","","5-236","God","60","5","129","146","142","123","Dark","N/A","Ultimate","Large Absorption","3","All Dark","9","https://digimon.fandom.com/wiki/Digimon%20Heroes!/Collection/Dark"
"Dark","Venomvamdemon","VenomVamdemon","5-317","Queen","40","5","113","95","120","87","Dark","N/A","Ultimate","Extra Large Damage Return","13","Extreme Elements","9","https://digimon.fandom.com/wiki/Digimon%20Heroes!/Collection/Dark"
"Dark","Evilmon","","5-499","Common","20","2","64","38","67","31","Dark","N/A","Adult","Holy Support","5","Medium Dark Attack Boost","9","https://digimon.fandom.com/wiki/Digimon%20Heroes!/Collection/Dark"
"Dark","Mephismon","","5-500","Uncommon","20","3","61","75","83","51","Dark","N/A","Perfect","Small Absorption","6","Enemy Defense Down Large","14","https://digimon.fandom.com/wiki/Digimon%20Heroes!/Collection/Dark"
"Dark","Avengekidmon","AvengeKidmon","5-502","God","60","7","109","112","132","110","Dark","N/A","Ultimate","Holy Seal","4","Small Absorption","5","https://digimon.fandom.com/wiki/Digimon%20Heroes!/Collection/Dark"
"Dark","Magnakidmon","MagnaKidmon","5-517","King","50","6","127","107","136","108","Dark","N/A","Ultimate","Holy Seal","4","Small Absorption","5","https://digimon.fandom.com/wiki/Digimon%20Heroes!/Collection/Dark"
"Dark","Venomvamdemon","VenomVamdemon","5-533","Queen","40","5","103","91","110","81","Dark","N/A","Ultimate","Extra Large Damage Return","14","Extreme Elements","10","https://digimon.fandom.com/wiki/Digimon%20Heroes!/Collection/Dark"
"Dark","Magnakidmon","MagnaKidmon","5-540","King","50","6","100","103","123","101","Dark","N/A","Ultimate","Holy Seal","4","Small Absorption","5","https://digimon.fandom.com/wiki/Digimon%20Heroes!/Collection/Dark"
"Dark","Avengekidmon","AvengeKidmon","5-541","God","60","7","109","112","132","110","Dark","N/A","Ultimate","Holy Seal","4","Small Absorption","5","https://digimon.fandom.com/wiki/Digimon%20Heroes!/Collection/Dark"
"Dark","Belialvamdemon","BelialVamdemon","5-554","God +","60","5","147","168","138","102","Dark","N/A","Ultimate","Dark Release","7","Large Absorption","9","https://digimon.fandom.com/wiki/Digimon%20Heroes!/Collection/Dark"
"Dark","Mummymon","","5-555","Uncommon","30","3","111","88","111","99","Dark","N/A","Perfect","Large Dark Defense Boost","14","Dark Release","8","https://digimon.fandom.com/wiki/Digimon%20Heroes!/Collection/Dark"
"Dark","Archnemon","","5-556","Uncommon","30","3","89","104","97","88","Dark","N/A","Perfect","Large Dark Attack Boost","13","Large Defense Boost","14","https://digimon.fandom.com/wiki/Digimon%20Heroes!/Collection/Dark"
"Dark","Skullbaluchimon","SkullBaluchimon","5-566","King","50","4","142","122","118","108","Dark","N/A","Perfect","Large Absorption","9","Large Dark Attack Boost","13","https://digimon.fandom.com/wiki/Digimon%20Heroes!/Collection/Dark"
"Dark","Titamon","","5-567","God +","60","7","202","154","148","107","Dark","N/A","Ultimate","Damage Enemy","15","Dark Release","7","https://digimon.fandom.com/wiki/Digimon%20Heroes!/Collection/Dark"
"Dark","Digitamamon","","5-568","Queen","40","3","112","78","88","102","Dark","N/A","Perfect","Recovery Boost 2","7","Weaken All Enemies","14","https://digimon.fandom.com/wiki/Digimon%20Heroes!/Collection/Dark"
"Dark","Fugamon","","5-569","Rare","30","2","72","52","76","56","Dark","N/A","Adult","Evolution 1","6","All Attack","5","https://digimon.fandom.com/wiki/Digimon%20Heroes!/Collection/Dark"
"Dark","Flymon","","5-588","Queen","40","5","142","118","100","11","Dark","N/A","Adult","Small Absorption","5","25% Defense","9","https://digimon.fandom.com/wiki/Digimon%20Heroes!/Collection/Dark"
"Dark","Titamon","","5-747","God","60","7","176","126","121","98","Dark","N/A","Ultimate","Damage Enemy","16","Dark Drive","5","https://digimon.fandom.com/wiki/Digimon%20Heroes!/Collection/Dark"
"Dark","Kaiserleomon","KaiserLeomon","5-784","God","60","6","172","168","162","146","Dark","N/A","Hybrid","Large Damage to All","15","Small Enemy Attack Delay","9","https://digimon.fandom.com/wiki/Digimon%20Heroes!/Collection/Dark"
"Dark","Chimairamon","","5-799","God","60","6","157","124","266","126","Dark","N/A","Ultimate","Suicide Attack","11","Recovery Boost 2","7","https://digimon.fandom.com/wiki/Digimon%20Heroes!/Collection/Dark"
"Dark","Millenniumon","","5-802","God +","60","7","240","128","216","142","Dark","N/A","Ultimate","Big Enemy Attack Delay","14","Dark Drive","4","https://digimon.fandom.com/wiki/Digimon%20Heroes!/Collection/Dark"
"Dark","Ornismon","","5-841","God","60","7","168","200","141","125","Dark","N/A","Ultimate","Enemy Attack Down Large","13","Extreme Elements","9","https://digimon.fandom.com/wiki/Digimon%20Heroes!/Collection/Dark"
"Dark","Matadrmon","","5-881","God","60","6","142","118","154","187","Dark","N/A","Perfect","Dark Release","7","Medium Damage Return","6","https://digimon.fandom.com/wiki/Digimon%20Heroes!/Collection/Dark"
"Dark","Metalfantomon","MetalFantomon","5-882","God","60","6","207","132","142","136","Dark","N/A","Perfect","Weaken Holy Enemies","11","All Dark","9","https://digimon.fandom.com/wiki/Digimon%20Heroes!/Collection/Dark"
"Dark","Pharaohmon","","5-883","God","60","6","157","207","184","127","Dark","N/A","Ultimate","Wild Boost","7","Small Enemy Attack Delay","9","https://digimon.fandom.com/wiki/Digimon%20Heroes!/Collection/Dark"
"Dark","Matadrmon","","5-884","God +","60","7","164","128","177","201","Dark","N/A","Perfect","Dark Release","6","Large Damage Return","8","https://digimon.fandom.com/wiki/Digimon%20Heroes!/Collection/Dark"
"Dark","Metalfantomon","MetalFantomon","5-885","God +","60","7","213","153","167","146","Dark","N/A","Perfect","Weaken All Enemies","13","All Dark","8","https://digimon.fandom.com/wiki/Digimon%20Heroes!/Collection/Dark"
"Dark","Pharaohmon","","5-886","God +","60","7","176","232","204","136","Dark","N/A","Ultimate","Dark Drive","4","Small Enemy Attack Delay","9","https://digimon.fandom.com/wiki/Digimon%20Heroes!/Collection/Dark"
"Dark","Wisemon","","5-891","King","50","53","176","138","121","123","Dark","N/A","Perfect","Small Skill Boost","14","Large Recovery Boost","10","https://digimon.fandom.com/wiki/Digimon%20Heroes!/Collection/Dark"
"Dark","Gulfmon","","5-892","God +","60","6","206","165","168","153","Dark","N/A","Ultimate","Extra Large Damage Return","13","All Attack","4","https://digimon.fandom.com/wiki/Digimon%20Heroes!/Collection/Dark"
"Dark","Mephismon","","5-893","God","60","6","192","132","168","132","Dark","N/A","Perfect","Enemy Attack Down Large","13","25% Defense","9","https://digimon.fandom.com/wiki/Digimon%20Heroes!/Collection/Dark"
"Dark","Youkomon","","5-894","Queen","40","4","135","153","118","126","Dark","N/A","Adult","Large Absorption","9","Large Attack Boost","14","https://digimon.fandom.com/wiki/Digimon%20Heroes!/Collection/Dark"
"Dark","Doumon","","5-897","King","50","5","165","175","145","130","Dark","N/A","Perfect","Small Enemy Attack Delay","9","Large Dark Attack Boost","13","https://digimon.fandom.com/wiki/Digimon%20Heroes!/Collection/Dark"
"Dark","Dracumon","","5-900","Rare","20","3","138","101","108","98","Dark","N/A","Child","Large Damage to All","15","Small Skill Boost","14","https://digimon.fandom.com/wiki/Digimon%20Heroes!/Collection/Dark"
"Dark","Soulmon","","5-901","Queen","40","4","176","106","112","112","Dark","N/A","Adult","Maximum Attack Boost","23","Evolution 1","5","https://digimon.fandom.com/wiki/Digimon%20Heroes!/Collection/Dark"
"Dark","Sangloupmon","","5-902","Queen","40","4","148","132","144","128","Dark","N/A","Adult","All Attack","5","Large Defense Boost","15","https://digimon.fandom.com/wiki/Digimon%20Heroes!/Collection/Dark"
"Dark","Granddracumon","GrandDracumon","5-903","God","60","6","158","186","127","112","Dark","N/A","Ultimate","Large Damage to All","15","Large Dark Defense Boost","13","https://digimon.fandom.com/wiki/Digimon%20Heroes!/Collection/Dark"
"Dark","Skullmammon","SkullMammon","5-904","God","60","5","162","112","251","127","Dark","N/A","Ultimate","Small Absorption","6","Maximum Defense Boost","24","https://digimon.fandom.com/wiki/Digimon%20Heroes!/Collection/Dark"
"Dark","Death-X-Dorugamon","Death-X-DORUgamon","5-936","Queen","40","4","162","133","134","109","Dark","N/A","Adult","Weaken Holy Enemies","11","Dark Drive","4","https://digimon.fandom.com/wiki/Digimon%20Heroes!/Collection/Dark"
"Dark","Death-X-Doruguremon","Death-X-DORUguremon","5-937","King","50","5","196","146","128","98","Dark","N/A","Perfect","Dark Release","7","Maximum Dark Attack Boost","22","https://digimon.fandom.com/wiki/Digimon%20Heroes!/Collection/Dark"
"Dark","Beelzebumon","","5-979","SP +","70","7","218","155","161","161","Dark","N/A","Ultimate","Large Damage to All","15","All Dark","9","https://digimon.fandom.com/wiki/Digimon%20Heroes!/Collection/Dark"
"Dark","Ladydevimon","LadyDevimon","6-037","King","50","6","155","130","158","123","Dark","N/A","Perfect","Extra Large Damage Return","13","Dark Drive","4","https://digimon.fandom.com/wiki/Digimon%20Heroes!/Collection/Dark"
"Dark","Pinochimon","","6-039","God","60","6","142","149","143","168","Dark","N/A","Ultimate","Holy Support","4","Dark Drive","4","https://digimon.fandom.com/wiki/Digimon%20Heroes!/Collection/Dark"
"Dark","Venomvamdemon","VenomVamdemon","6-042","God +","60","7","234","162","164","134","Dark","N/A","Ultimate","Extra Large Damage Return","13","Dark Release","7","https://digimon.fandom.com/wiki/Digimon%20Heroes!/Collection/Dark"
"Dark","Piemon","","6-043","God +","60","7","155","145","152","133","Dark","N/A","Ultimate","All Dark","8","75% Defense","15","https://digimon.fandom.com/wiki/Digimon%20Heroes!/Collection/Dark"
"Dark","Apoclymon","","6-045","God +","60","7","223","158","185","133","Dark","N/A","Ultimate","Large Skill Boost","19","Dark Drive","4","https://digimon.fandom.com/wiki/Digimon%20Heroes!/Collection/Dark"
"Dark","Venomvamdemon","VenomVamdemon","6-046","God","60","7","204","158","155","131","Dark","N/A","Ultimate","Extra Large Damage Return","13","Extreme Elements","9","https://digimon.fandom.com/wiki/Digimon%20Heroes!/Collection/Dark"
"Dark","Piemon","","6-047","God","60","7","149","142","146","131","Dark","N/A","Ultimate","All Dark","8","Weaken All Enemies","13","https://digimon.fandom.com/wiki/Digimon%20Heroes!/Collection/Dark"
"Dark","Apoclymon","","6-048","God","60","7","213","147","171","127","Dark","N/A","Ultimate","Small Skill Boost","14","All Dark","9","https://digimon.fandom.com/wiki/Digimon%20Heroes!/Collection/Dark"
"Dark","Arkadimon (Ultimate)","","6-071","SP +","70","7","202","166","192","158","Dark","N/A","Ultimate","Extreme Elements","9","Weaken Holy Enemies","11","https://digimon.fandom.com/wiki/Digimon%20Heroes!/Collection/Dark"
"Dark","Boogiemon","","6-073","Queen","40","3","157","126","125","98","Dark","N/A","Adult","Large Defense Boost","14","Small Absorption","5","https://digimon.fandom.com/wiki/Digimon%20Heroes!/Collection/Dark"
"Dark","Darklizamon","DarkLizamon","6-074","Queen","40","3","148","124","117","134","Dark","N/A","Adult","Large Dark Attack Boost","13","25% Defense","9","https://digimon.fandom.com/wiki/Digimon%20Heroes!/Collection/Dark"
"Dark","Phelesmon","","6-075","King","50","5","167","144","136","117","Dark","N/A","Perfect","Weaken All Enemies","14","Large Absorption","9","https://digimon.fandom.com/wiki/Digimon%20Heroes!/Collection/Dark"
"Dark","Cerberumon Werewolfmode","Cerberumon Werewolf Mode","6-082","God +","60","7","202","168","154","145","Dark","N/A","Perfect","Large Absorption","9","Dark Release","7","https://digimon.fandom.com/wiki/Digimon%20Heroes!/Collection/Dark"
"Dark","Scorpiomon","","6-111","God","60","6","187","138","162","121","Dark","N/A","Perfect","Enemy Defense Down Large","13","Damage All Enemies","21","https://digimon.fandom.com/wiki/Digimon%20Heroes!/Collection/Dark"
"Dark","Witchmon","","6-142","Queen","40","5","127","124","125","128","Dark","N/A","Adult","Maximum Dark Attack Boost","22","Dark Drive","4","https://digimon.fandom.com/wiki/Digimon%20Heroes!/Collection/Dark"
"Dark","Captainhookmon","CaptainHookmon","6-147","SP +","70","7","177","155","234","146","Dark","N/A","Perfect","Suicide Attack","11","Large Absorption","9","https://digimon.fandom.com/wiki/Digimon%20Heroes!/Collection/Dark"
"Dark","Darksuperstarmon","DarkSuperStarmon","6-149","God","60","6","182","152","152","132","Dark","N/A","Perfect","Extra Large Dark Attack Boost","18","Evolution 2","7","https://digimon.fandom.com/wiki/Digimon%20Heroes!/Collection/Dark"
"Dark","Pumpmon","","6-150","SP +","70","7","192","162","172","156","Dark","N/A","Perfect","All Dark","9","Big Enemy Attack Delay","14","https://digimon.fandom.com/wiki/Digimon%20Heroes!/Collection/Dark"
"Dark","Lampmon","","6-153","God","60","7","172","172","149","155","Dark","N/A","Ultimate","Holy Seal","4","75% Defense","16","https://digimon.fandom.com/wiki/Digimon%20Heroes!/Collection/Dark"
"Dark","Tyumon","","6-155","Rare","30","3","120","86","94","112","Dark","N/A","Child","Small Absorption","5","Dark Seal","4","https://digimon.fandom.com/wiki/Digimon%20Heroes!/Collection/Dark"
"Dark","Tukaimon","","6-157","Rare","30","3","102","106","111","93","Dark","N/A","Child","Medium Recovery","7","Medium Dark Defense Boost","8","https://digimon.fandom.com/wiki/Digimon%20Heroes!/Collection/Dark"
"Dark","Pumpmon","","6-158","God","60","6","196","162","148","144","Dark","N/A","Perfect","Dark Release","7","Small Enemy Attack Delay","9","https://digimon.fandom.com/wiki/Digimon%20Heroes!/Collection/Dark"
"Dark","Picodevimon","PicoDevimon","6-159","Queen","40","5","142","126","134","124","Dark","N/A","Child","Large Damage Return","9","Evolution 1","5","https://digimon.fandom.com/wiki/Digimon%20Heroes!/Collection/Dark"
"Dark","Wizarmon","","6-160","King","50","6","144","127","128","140","Dark","N/A","Adult","Holy Support","4","Large Absorption","9","https://digimon.fandom.com/wiki/Digimon%20Heroes!/Collection/Dark"
"Dark","Diablomon","","6-203","God +","60","7","192","138","201","143","Dark","N/A","Ultimate","Recovery Boost 1","5","Small Dark Attack Boost","6","https://digimon.fandom.com/wiki/Digimon%20Heroes!/Collection/Dark"
"Dark","Diablomon","","6-203","God +","60","7","192","138","201","143","Dark","N/A","Ultimate","All Dark","9","Large Absorption","9","https://digimon.fandom.com/wiki/Digimon%20Heroes!/Collection/Dark"
"Dark","Infermon","","6-204","King","50","5","168","166","144","114","Dark","N/A","Perfect","Large Damage to All","15","Enemy Defense Down Extra Large","18","https://digimon.fandom.com/wiki/Digimon%20Heroes!/Collection/Dark"
"Dark","Orochimon","","6-219","SP +","60","7","220","231","134","167","Dark","N/A","Perfect","Extra Large Defense Boost","22","Total Recovery","15","https://digimon.fandom.com/wiki/Digimon%20Heroes!/Collection/Dark"
"Dark","Megidramon","","6-228","God +","60","7","198","114","233","121","Dark","N/A","Ultimate","Large Absorption","9","Evolution 2","7","https://digimon.fandom.com/wiki/Digimon%20Heroes!/Collection/Dark"
"Dark","Leviamon","","6-247","SP +","70","7","225","123","231","167","Dark","N/A","Ultimate","Enemy Attack Down Large","13","Evolution 2","7","https://digimon.fandom.com/wiki/Digimon%20Heroes!/Collection/Dark"
"Dark","Leviamon","","6-247","SP +","70","7","225","123","231","167","Dark","N/A","Ultimate","Small Dark Defense Boost","6","Enemy Defense Down Small","6","https://digimon.fandom.com/wiki/Digimon%20Heroes!/Collection/Dark"
"Dark","Meramon","","6-250","King","50","5","112","132","198","113","Dark","N/A","Adult","Holy Support","4","Dark Drive","4","https://digimon.fandom.com/wiki/Digimon%20Heroes!/Collection/Dark"
"Dark","Devitamamon","","6-253","God","60","7","204","214","176","54","Dark","N/A","Ultimate","Small Enemy Attack Delay","9","Small Enemy Attack Delay","9","https://digimon.fandom.com/wiki/Digimon%20Heroes!/Collection/Dark"
"Dark","Pajiramon","","6-257","King","50","5","129","151","189","124","Dark","N/A","Perfect","Medium Damage to All","11","Enemy Attack Down Large","13","https://digimon.fandom.com/wiki/Digimon%20Heroes!/Collection/Dark"
"Dark","Bluemeramon","BlueMeramon","6-335","God +","40","7","116","104","133","100","Dark","N/A","Perfect","Holy Support","4","Dark Drive","4","https://digimon.fandom.com/wiki/Digimon%20Heroes!/Collection/Dark"
"Dark","Calmaramon","","6-341","God","60","7","130","156","128","215","Dark","N/A","Hybrid","Medium Defense Boost","7","Medium Damage to All","11","https://digimon.fandom.com/wiki/Digimon%20Heroes!/Collection/Dark"
"Dark","Phelesmon","","6-347","God +","60","7","203","146","188","186","Dark","N/A","Perfect","Medium Damage Return","6","All Dark","9","https://digimon.fandom.com/wiki/Digimon%20Heroes!/Collection/Dark"
"Dark","FlaWizarmon","","6-348","Queen","40","4","104","87","125","176","Dark","N/A","Armor","Small Defense Boost","5","Medium Recovery Boost","6","https://digimon.fandom.com/wiki/Digimon%20Heroes!/Collection/Dark"
"Dark","Blackseraphimon","BlackSeraphimon","6-381","God +","60","7","119","147","181","157","Dark","N/A","Ultimate","Wild Boost","7","Evolution 1","5","https://digimon.fandom.com/wiki/Digimon%20Heroes!/Collection/Dark"
"Dark","Ginkakumon","","6-382","Queen","40","4","165","214","121","58","Dark","N/A","Adult","Weaken Holy Enemies","12","Medium Defense Boost","8","https://digimon.fandom.com/wiki/Digimon%20Heroes!/Collection/Dark"
"Dark","Impmon","","6-402","God","40","7","140","148","208","101","Dark","N/A","Child","Enemy Attack Down Medium","8","Evolution 1","5","https://digimon.fandom.com/wiki/Digimon%20Heroes!/Collection/Dark"
"Dark","Arkadimon (child)","Arkadimon (Child)","6-403","Rare","30","5","132","100","121","86","Dark","N/A","Child","Small Dark Attack Boost","6","Enemy Defense Down Small","6","https://digimon.fandom.com/wiki/Digimon%20Heroes!/Collection/Dark"
"Dark","Warumonzaemon","WaruMonzaemon","6-422","King","50","5","208","99","202","104","Dark","N/A","Perfect","Holy Seal","5","Large Absorption","10","https://digimon.fandom.com/wiki/Digimon%20Heroes!/Collection/Dark"
"Dark","Grandgeneramon","GrandGeneramon","6-426","God","60","7","186","159","213","110","Dark","N/A","Xros Wars","Large Dark Defense Boost","13","Evolution 2","7","https://digimon.fandom.com/wiki/Digimon%20Heroes!/Collection/Dark"
"Dark","Parasimon","","6-428","King","50","5","102","143","98","62","Dark","N/A","Ultimate","Small Absorption","4","Wild Boost","6","https://digimon.fandom.com/wiki/Digimon%20Heroes!/Collection/Dark"
"Dark","Dorbickmon","","6-437","SP +","70","7","154","165","167","164","Dark","N/A","Xros Wars","Small Enemy Attack Delay","8","Replace (dark)","5","https://digimon.fandom.com/wiki/Digimon%20Heroes!/Collection/Dark"
"Dark","Candmon","","6-472","God +","10","2","35","21","47","26","Dark","N/A","Child","Small Damage Return","5","Dark Drive","5","https://digimon.fandom.com/wiki/Digimon%20Heroes!/Collection/Dark"
"Dark","Deathmon","","6-500","God +","60","7","197","130","134","195","Dark","N/A","Ultimate","All Dark","9","Evolution 1","5","https://digimon.fandom.com/wiki/Digimon%20Heroes!/Collection/Dark"
"Dark","Vademon","","6-501","God +","60","7","176","107","144","179","Dark","N/A","Perfect","Large Sacrifice Strike","12","Medium Recovery","6","https://digimon.fandom.com/wiki/Digimon%20Heroes!/Collection/Dark"
"Dark","Devidramon","","6-502","Queen","40","4","141","103","134","107","Dark","N/A","Adult","Dark Drive","4","Holy Seal","4","https://digimon.fandom.com/wiki/Digimon%20Heroes!/Collection/Dark"
"Dark","Lilithmon","","6-517","God","50","7","146","180","167","122","Dark","N/A","Ultimate","Dark Release","6","Large Absorption","8","https://digimon.fandom.com/wiki/Digimon%20Heroes!/Collection/Dark"
"Dark","Megidramon","","6-528","God +","60","7","198","114","233","121","Dark","N/A","Ultimate","Large Absorption","9","Evolution 2","7","https://digimon.fandom.com/wiki/Digimon%20Heroes!/Collection/Dark"
"Dark","Parasimon","","6-530","King","50","5","102","143","98","62","Dark","N/A","Ultimate","Small Absorption","4","Wild Boost","6","https://digimon.fandom.com/wiki/Digimon%20Heroes!/Collection/Dark"
"Dark","Warumonzaemon","WaruMonzaemon","6-535","King","50","5","208","99","202","104","Dark","N/A","Perfect","Holy Seal","5","Large Absorption","10","https://digimon.fandom.com/wiki/Digimon%20Heroes!/Collection/Dark"
"Dark","Apoclymon","","6-542","SP +","70","7","218","149","203","125","Dark","N/A","Ultimate","Weaken Holy Enemies","11","Large Damage to All","15","https://digimon.fandom.com/wiki/Digimon%20Heroes!/Collection/Dark"
"Dark","Plutomon","","6-544","God +","60","7","187","142","174","134","Dark","N/A","Ultimate","Replace (dark)","6","Large Dark Attack Boost","13","https://digimon.fandom.com/wiki/Digimon%20Heroes!/Collection/Dark"
"Dark","Plutomon","","6-547","God","60","7","177","132","144","114","Dark","N/A","Ultimate","Large Dark Attack Boost","6","All Dark","9","https://digimon.fandom.com/wiki/Digimon%20Heroes!/Collection/Dark"
"Dark","Lucemon Falldownmode","Lucemon Falldown Mode","6-567","God +","60","7","168","155","17","118","Dark","N/A","Perfect","Extreme Elements","9","Large Absorption","9","https://digimon.fandom.com/wiki/Digimon%20Heroes!/Collection/Dark"
"Dark","Lucemon Larva","","6-568","God +","60","7","199","144","113","153","Dark","N/A","Ultimate","Medium Dark Defense Boost","7","Weaken All Enemies","13","https://digimon.fandom.com/wiki/Digimon%20Heroes!/Collection/Dark"
"Dark","Lucemon Satanmode","Lucemon Satan Mode","6-569","God","60","7","167","120","148","139","Dark","N/A","Ultimate","Holy Seal","5","All Nine","10","https://digimon.fandom.com/wiki/Digimon%20Heroes!/Collection/Dark"
"Dark","Lilithmon","","6-617","God +","60","7","184","159","168","167","Dark","N/A","Ultimate","Big Enemy Attack Delay","14","Evolution 1","5","https://digimon.fandom.com/wiki/Digimon%20Heroes!/Collection/Dark"
"Dark","Ladydevimon","LadyDevimon","6-618","God +","60","7","142","152","187","139","Dark","N/A","Perfect","Small Skill Boost","14","Weaken Holy Enemies","11","https://digimon.fandom.com/wiki/Digimon%20Heroes!/Collection/Dark"
"Dark","Lilithmon","","6-619","God","60","7","178","121","152","156","Dark","N/A","Ultimate","Small Dark Attack Boost","6","Enemy Defense Down Small","6","https://digimon.fandom.com/wiki/Digimon%20Heroes!/Collection/Dark"
"Dark","Ladydevimon","LadyDevimon","6-620","God","60","7","122","132","160","116","Dark","N/A","Perfect","Small Defense Boost","5","Small Absorption","5","https://digimon.fandom.com/wiki/Digimon%20Heroes!/Collection/Dark"
"Dark","Beelzebumon","","6-627","SP +","70","7","203","176","186","106","Dark","N/A","Ultimate","Enemy Defense Down Large","13","Evolution 2","7","https://digimon.fandom.com/wiki/Digimon%20Heroes!/Collection/Dark"
"Dark","Beelzebumon Blastmode","Beelzebumon Blast Mode","6-647","Common","70","7","213","181","196","120","Dark","N/A","Ultimate","Enemy Defense Down Large","13","Evolution 2","7","https://digimon.fandom.com/wiki/Digimon%20Heroes!/Collection/Dark"
"Dark","Aegiochusmon Dark","","6-655","King","50","5","167","163","135","130","Dark","N/A","Perfect","Small Dark Attack Boost","6","Dark Drive","4","https://digimon.fandom.com/wiki/Digimon%20Heroes!/Collection/Dark"
"Dark","Aegiochusmon Dark","","6-656","God","60","5","180","172","149","142","Dark","N/A","Perfect","Medium Damage to All","11","Weaken Holy Enemies","11","https://digimon.fandom.com/wiki/Digimon%20Heroes!/Collection/Dark"
"Dark","Aegiochusmon Dark","","6-657","God +","60","7","191","190","163","150","Dark","N/A","Perfect","Medium Dark Defense Boost","8","Replace (dark)","6","https://digimon.fandom.com/wiki/Digimon%20Heroes!/Collection/Dark"
"Dark","Arkadimon (Ultimate)","","6-658","God +","60","7","195","154","230","132","Dark","N/A","Ultimate","Medium Dark Attack Boost","8","All Dark","9","https://digimon.fandom.com/wiki/Digimon%20Heroes!/Collection/Dark"
"Dark","Arkadimon (child)","Arkadimon (Child)","6-659","Rare","30","5","122","138","95","119","Dark","N/A","Child","Small Absorption","6","Holy Seal","5","https://digimon.fandom.com/wiki/Digimon%20Heroes!/Collection/Dark"
"Dark","Arkadimon (adult)","Arkadimon (Adult)","6-660","Queen","40","4","123","143","121","124","Dark","N/A","Adult","Holy Support","5","Dark Drive","5","https://digimon.fandom.com/wiki/Digimon%20Heroes!/Collection/Dark"
"Dark","Arkadimon (perfect)","Arkadimon (Perfect)","6-661","King","50","5","142","155","139","150","Dark","N/A","Perfect","Dark Release","7","Large Absorption","9","https://digimon.fandom.com/wiki/Digimon%20Heroes!/Collection/Dark"
"Dark","Ofanimon Falldownmode","Ofanimon Falldown Mode","6-672","Queen","40","4","141","139","123","154","Dark","N/A","Ultimate","Extreme Elements","9","Evolution 1","5","https://digimon.fandom.com/wiki/Digimon%20Heroes!/Collection/Dark"
"Dark","Murmusmon","","6-677","God","60","7","180","145","163","178","Dark","N/A","Ultimate","Large Absorption","9","Large Defense Boost","14","https://digimon.fandom.com/wiki/Digimon%20Heroes!/Collection/Dark"
"Dark","Cherubimon (black)","Cherubimon (Black)","6-678","God","60","6","193","189","164","98","Dark","N/A","Ultimate","Weaken All Enemies","14","Extreme Elements","9","https://digimon.fandom.com/wiki/Digimon%20Heroes!/Collection/Dark"
"Dark","Marindevimon","MarinDevimon","6-684","Queen","40","3","123","135","88","80","Dark","N/A","Perfect","Large Absorption","10","Medium Dark Defense Boost","9","https://digimon.fandom.com/wiki/Digimon%20Heroes!/Collection/Dark"
"Dark","Metaletemon","MetalEtemon","6-686","Queen","40","5","95","92","114","95","Dark","N/A","Ultimate","Big Enemy Attack Delay","15","Dark Drive","5","https://digimon.fandom.com/wiki/Digimon%20Heroes!/Collection/Dark"
"Dark","Cherubimon (black)","Cherubimon (Black)","6-689","God","60","7","169","186","170","123","Dark","N/A","Ultimate","Large Skill Boost","19","Large Absorption","9","https://digimon.fandom.com/wiki/Digimon%20Heroes!/Collection/Dark"
"Dark","Lilithmon","","6-690","God","60","7","153","174","148","136","Dark","N/A","Ultimate","Total Recovery","14","Evolution 1","5","https://digimon.fandom.com/wiki/Digimon%20Heroes!/Collection/Dark"
"Dark","Lilithmon","","6-691","God","60","7","161","178","153","143","Dark","N/A","Ultimate","Total Recovery","14","Evolution 1","5","https://digimon.fandom.com/wiki/Digimon%20Heroes!/Collection/Dark"
"Dark","Darkdramon","","6-724","God","60","7","181","165","156","137","Dark","N/A","Ultimate","Medium Dark Attack Boost","8","Evolution 1","5","https://digimon.fandom.com/wiki/Digimon%20Heroes!/Collection/Dark"
"Dark","Belphemon: Ragemode","Belphemon: Rage Mode","6-730","SP +","70","7","215","145","254","113","Dark","N/A","Ultimate","Medium Dark Attack Boost","8","Weaken Holy Enemies","11","https://digimon.fandom.com/wiki/Digimon%20Heroes!/Collection/Dark"
"Dark","Sistermon Noir","","6-779","God","60","7","157","113","139","147","Dark","N/A","Adult","Large Attack Boost","14","Small Skill Boost","14","https://digimon.fandom.com/wiki/Digimon%20Heroes!/Collection/Dark"
"Dark","Darkdramon","","6-806","God","60","7","190","170","165","145","Dark","N/A","Ultimate","Medium Dark Attack Boost","8","Evolution 1","5","https://digimon.fandom.com/wiki/Digimon%20Heroes!/Collection/Dark"
"Dark","Belphemon: Ragemode","Belphemon: Rage Mode","6-809","SP +","70","7","219","151","260","124","Dark","N/A","Ultimate","Medium Dark Attack Boost","8","Weaken Holy Enemies","11","https://digimon.fandom.com/wiki/Digimon%20Heroes!/Collection/Dark"
"Dark","Sistermon Noir","","6-815","God","60","7","167","123","149","157","Dark","N/A","Adult","Large Attack Boost","14","Small Skill Boost","14","https://digimon.fandom.com/wiki/Digimon%20Heroes!/Collection/Dark"
"Dark","Ladydevimon","LadyDevimon","6-831","SP +","70","7","185","139","180","143","Dark","N/A","Perfect","Large Damage to All","15","Replace (dark)","6","https://digimon.fandom.com/wiki/Digimon%20Heroes!/Collection/Dark"
"Dark","Belphemon: Sleepmode","Belphemon: Sleep Mode","6-832","SP +","70","7","113","214","219","190","Dark","N/A","Ultimate","Holy Seal","4","Total Recovery","14","https://digimon.fandom.com/wiki/Digimon%20Heroes!/Collection/Dark"
"Dark","Bacchusmon","","6-859","God +","60","7","223","182","190","120","Dark","N/A","Ultimate","All Dark","9","Large Absorption","9","https://digimon.fandom.com/wiki/Digimon%20Heroes!/Collection/Dark"
"Dark","Orochimon","","6-860","King","50","5","181","143","165","120","Dark","N/A","Ultimate","Dark Drive","4","Small Dark Attack Boost","6","https://digimon.fandom.com/wiki/Digimon%20Heroes!/Collection/Dark"
"Dark","Armagemon","","6-924","God","60","7","184","138","240","92","Dark","N/A","Ultimate","Reshuffle (dark)","6","Maximum Sacrifice Strike All","22","https://digimon.fandom.com/wiki/Digimon%20Heroes!/Collection/Dark"
"Dark","Diablomon","","6-925","King","50","5","159","121","142","124","Dark","N/A","Ultimate","Medium Dark Attack Boost","8","Weaken Holy Enemies","11","https://digimon.fandom.com/wiki/Digimon%20Heroes!/Collection/Dark"
"Dark","Infermon","","6-926","Queen","40","4","110","144","128","103","Dark","N/A","Perfect","Large Recovery Boost","10","Large Absorption","9","https://digimon.fandom.com/wiki/Digimon%20Heroes!/Collection/Dark"
"Dark","Plutomon","","6-936","God","60","7","164","151","172","143","Dark","N/A","Ultimate","Evolution 2","7","High KO Enemy","18","https://digimon.fandom.com/wiki/Digimon%20Heroes!/Collection/Dark"
"Dark","Jupitermon","","6-941","God +","60","7","202","167","171","162","Dark","N/A","Ultimate","Large Skill Boost","19","Holy Support","4","https://digimon.fandom.com/wiki/Digimon%20Heroes!/Collection/Dark"
"Dark","Jupitermon","","6-941","God +","50","7","202","167","171","162","Dark","N/A","Ultimate","Large Skill Boost","19","Holy Support","4","https://digimon.fandom.com/wiki/Digimon%20Heroes!/Collection/Dark"
"Dark","Jupitermon","","6-941","God +","40","7","202","167","171","162","Dark","N/A","Ultimate","Large Skill Boost","19","Holy Support","4","https://digimon.fandom.com/wiki/Digimon%20Heroes!/Collection/Dark"
"Dark","Patamon vs Devimon","","6-942","God","60","7","156","150","184","146","Dark","Holy","Adult/Child","Extreme Elements","9","Weaken All Enemies","14","https://digimon.fandom.com/wiki/Digimon%20Heroes!/Collection/Dark"
"Dark","Ladydevimon","LadyDevimon","6-968","God","60","7","157","170","160","121","Dark","N/A","Perfect","Dark Drive","4","Big Enemy Attack Delay","14","https://digimon.fandom.com/wiki/Digimon%20Heroes!/Collection/Dark"
"Dark","Ladydevimon","LadyDevimon","6-969","God","60","7","162","175","165","126","Dark","N/A","Perfect","Dark Drive","4","Big Enemy Attack Delay","14","https://digimon.fandom.com/wiki/Digimon%20Heroes!/Collection/Dark"
"Dark","Bagramon","","6-975","SP +","70","7","235","136","195","149","Dark","N/A","Xros Wars","Large Absorption","9","Weaken Holy Enemies","11","https://digimon.fandom.com/wiki/Digimon%20Heroes!/Collection/Dark"
"Dark","Omegamon Zwart","","6-977","God","30","7","132","104","115","97","Dark","N/A","Ultimate","All Attack","4","Large Attack Boost","14","https://digimon.fandom.com/wiki/Digimon%20Heroes!/Collection/Dark"
"Dark","Omegamon Zwart","","6-978","God +","70","7","195","203","186","165","Dark","N/A","Ultimate","Evolution 2","7","Total Recovery","14","https://digimon.fandom.com/wiki/Digimon%20Heroes!/Collection/Dark"
"Dark","Omegamon Zwart","","6-979","God +","60","7","175","188","185","133","Dark","N/A","Ultimate","Evolution 2","7","Total Recovery","14","https://digimon.fandom.com/wiki/Digimon%20Heroes!/Collection/Dark"
"Dark","Skullknightmon","SkullKnightmon","6-980","God","60","7","173","184","136","147","Dark","N/A","Xros Wars","Dark Release","7","Large Dark Defense Boost","13","https://digimon.fandom.com/wiki/Digimon%20Heroes!/Collection/Dark"
"Dark","Pinochimon","","6-987","God","60","7","147","154","148","173","Dark","N/A","Ultimate","Holy Support","4","Dark Drive","4","https://digimon.fandom.com/wiki/Digimon%20Heroes!/Collection/Dark"
"Dark","Mercuremon","","7-039","King","50","5","144","152","121","184","Dark","N/A","Hybrid","Holy Seal","4","Large Absorption","9","https://digimon.fandom.com/wiki/Digimon%20Heroes!/Collection/Dark"
"Dark","Duskmon","","7-040","King","50","5","194","125","170","87","Dark","N/A","Hybrid","Dark Drive","4","Dark Release","7","https://digimon.fandom.com/wiki/Digimon%20Heroes!/Collection/Dark"
"Dark","Magnakidmon","MagnaKidmon","7-051","God","60","7","176","128","167","114","Dark","N/A","Ultimate","Reshuffle (dark)","6","Maximum Sacrifice Strike All","22","https://digimon.fandom.com/wiki/Digimon%20Heroes!/Collection/Dark"
"Dark","Magnakidmon","MagnaKidmon","7-052","God +","60","7","186","138","177","124","Dark","N/A","Ultimate","Reshuffle (dark)","5","Maximum Sacrifice Strike All","21","https://digimon.fandom.com/wiki/Digimon%20Heroes!/Collection/Dark"
"Dark","Magnakidmon vs Bellestarmon","MagnaKidmon vs BelleStarmon","7-055","Legendary Rare","70","7","188","122","245","227","Dark","Machine","Ultimate/Ultimate","Evolution 2","6","All Dark","8","https://digimon.fandom.com/wiki/Digimon%20Heroes!/Collection/Dark"
"Dark","Magnakidmon vs Bellestarmon","MagnaKidmon vs BelleStarmon","7-056","Legendary Rare","70","7","193","127","250","232","Dark","Machine","Ultimate/Ultimate","Evolution 2","6","All Dark","8","https://digimon.fandom.com/wiki/Digimon%20Heroes!/Collection/Dark"
"Dragon","Agumon","","1-001","Common","10","2","38","30","53","28","Dragon","N/A","Child","Small Damage Return","5","Small Recovery","6","https://digimon.fandom.com/wiki/Digimon%20Heroes!/Collection/Dragon"
"Dragon","Gabumon","","1-002","Common","10","2","39","20","53","32","Dragon","N/A","Child","Small Damage to All","8","Small Recovery Boost","5","https://digimon.fandom.com/wiki/Digimon%20Heroes!/Collection/Dragon"
"Dragon","Greymon","","1-006","Uncommon","20","3","59","65","74","41","Dragon","N/A","Adult","Medium Damage Return","7","Dragon Drive","5","https://digimon.fandom.com/wiki/Digimon%20Heroes!/Collection/Dragon"
"Dragon","Monochromon","","1-007","Common","10","3","53","62","73","42","Dragon","N/A","Adult","Dragon Drive","5","Medium Damage Return","7","https://digimon.fandom.com/wiki/Digimon%20Heroes!/Collection/Dragon"
"Dragon","Centalmon","","1-008","Uncommon","20","2","53","60","75","47","Dragon","N/A","Adult","Dragon Support","5","Medium Damage Return","7","https://digimon.fandom.com/wiki/Digimon%20Heroes!/Collection/Dragon"
"Dragon","Leomon","","1-009","Queen","40","3","81","61","86","56","Dragon","N/A","Adult","Medium Damage Return","7","Medium Attack Boost","8","https://digimon.fandom.com/wiki/Digimon%20Heroes!/Collection/Dragon"
"Dragon","Garurumon","","1-010","Uncommon","20","2","63","45","72","41","Dragon","N/A","Adult","Medium Damage to All","12","Small Enemy Attack Delay","10","https://digimon.fandom.com/wiki/Digimon%20Heroes!/Collection/Dragon"
"Dragon","Unimon","","1-011","King","40","2","108","105","99","91","Dragon","N/A","Adult","Medium Recovery","8","25% Defense","10","https://digimon.fandom.com/wiki/Digimon%20Heroes!/Collection/Dragon"
"Dragon","Pandamon","","1-016","God","50","3","110","130","140","120","Dragon","N/A","Perfect","Dragon Drive","4","25% Defense","9","https://digimon.fandom.com/wiki/Digimon%20Heroes!/Collection/Dragon"
"Dragon","Weregarurumon","WereGarurumon","1-017","Rare","30","3","77","73","94","64","Dragon","N/A","Perfect","Large Damage to All","16","Large Attack Boost","15","https://digimon.fandom.com/wiki/Digimon%20Heroes!/Collection/Dragon"
"Dragon","Mammon","","1-018","Rare","30","3","72","75","88","59","Dragon","N/A","Perfect","All Dragon","10","Large Recovery","10","https://digimon.fandom.com/wiki/Digimon%20Heroes!/Collection/Dragon"
"Dragon","Metalgreymon","MetalGreymon","1-019","Queen","40","4","83","86","96","67","Dragon","N/A","Perfect","Large Damage Return","10","Weaken All Enemies","15","https://digimon.fandom.com/wiki/Digimon%20Heroes!/Collection/Dragon"
"Dragon","Skullgreymon","SkullGreymon","1-020","Rare","30","3","81","67","87","53","Dragon","N/A","Perfect","Small Absorption","6","Enemy Attack Down Large","14","https://digimon.fandom.com/wiki/Digimon%20Heroes!/Collection/Dragon"
"Dragon","Saberleomon","SaberLeomon","1-023","Rare","30","6","95","85","115","95","Dragon","N/A","Ultimate","Extra Large Damage Return","13","All Attack","4","https://digimon.fandom.com/wiki/Digimon%20Heroes!/Collection/Dragon"
"Dragon","Baalmon","","1-024","Queen","40","6","148","91","76","97","Dragon","N/A","Xros Wars","Large Damage Return","10","Dark Release","8","https://digimon.fandom.com/wiki/Digimon%20Heroes!/Collection/Dragon"
"Dragon","Metalgarurumon","MetalGarurumon","1-025","King","50","6","106","109","123","88","Dragon","N/A","Ultimate","Extra Large Damage to All","19","Extra Large Dragon Attack Boost","18","https://digimon.fandom.com/wiki/Digimon%20Heroes!/Collection/Dragon"
"Dragon","Wargreymon","WarGreymon","1-026","King","50","6","111","102","121","85","Dragon","N/A","Ultimate","Extra Large Damage Return","13","Extra-Large Recovery Boost","14","https://digimon.fandom.com/wiki/Digimon%20Heroes!/Collection/Dragon"
"Dragon","Madleomon","MadLeomon","1-092","Queen","30","2","128","104","89","60","Dragon","N/A","Xros Wars","All Attack","5","Large Damage Return","10","https://digimon.fandom.com/wiki/Digimon%20Heroes!/Collection/Dragon"
"Dragon","Elecmon","","2-001","Common","10","1","35","24","49","19","Dragon","N/A","Child","Dragon Drive","5","Small Damage Return","5","https://digimon.fandom.com/wiki/Digimon%20Heroes!/Collection/Dragon"
"Dragon","Gaomon","","2-002","Common","10","2","29","34","51","22","Dragon","N/A","Child","Small Dragon Defense Boost","7","Recovery Boost 1","6","https://digimon.fandom.com/wiki/Digimon%20Heroes!/Collection/Dragon"
"Dragon","V-mon","","2-003","Common","10","2","42","25","31","21","Dragon","N/A","Child","Small Attack Boost","6","Enemy Attack Down Small","7","https://digimon.fandom.com/wiki/Digimon%20Heroes!/Collection/Dragon"
"Dragon","Geogreymon","GeoGreymon","2-007","Rare","30","3","81","81","82","45","Dragon","N/A","Adult","Medium Damage Return","7","Dragon Drive","5","https://digimon.fandom.com/wiki/Digimon%20Heroes!/Collection/Dragon"
"Dragon","Blackgaogamon","BlackGaogamon","2-008","King","40","3","132","105","101","88","Dragon","N/A","Adult","Knight Support","5","Small Enemy Attack Delay","10","https://digimon.fandom.com/wiki/Digimon%20Heroes!/Collection/Dragon"
"Dragon","Blackgarurumon","BlackGarurumon","2-009","Uncommon","20","2","56","56","71","40","Dragon","N/A","Adult","Medium Damage to All","12","Small Skill Boost","15","https://digimon.fandom.com/wiki/Digimon%20Heroes!/Collection/Dragon"
"Dragon","Pegasmon","","2-010","Queen","30","2","128","94","122","72","Dragon","N/A","Armor","Medium Dragon Attack Boost","9","Dragon Drive","5","https://digimon.fandom.com/wiki/Digimon%20Heroes!/Collection/Dragon"
"Dragon","Lighdramon","","2-011","Rare","30","3","68","51","71","32","Dragon","N/A","Armor","Medium Attack Boost","8","Small Absorption","6","https://digimon.fandom.com/wiki/Digimon%20Heroes!/Collection/Dragon"
"Dragon","Blackmachgaogamon","BlackMachGaogamon","2-012","God","50","4","148","122","110","76","Dragon","N/A","Perfect","Small Damage to All","7","Evolution 1","5","https://digimon.fandom.com/wiki/Digimon%20Heroes!/Collection/Dragon"
"Dragon","Blackweregarurumon","BlackWereGarurumon","2-013","Rare","30","3","79","65","93","67","Dragon","N/A","Perfect","Large Damage to All","16","Evolution 1","6","https://digimon.fandom.com/wiki/Digimon%20Heroes!/Collection/Dragon"
"Dragon","Rizegreymon","RizeGreymon","2-015","Queen","50","4","112","88","101","67","Dragon","N/A","Perfect","Large Dragon Attack Boost","14","All Dragon","10","https://digimon.fandom.com/wiki/Digimon%20Heroes!/Collection/Dragon"
"Dragon","Shinegreymon","ShineGreymon","2-018","God","60","6","132","94","108","83","Dragon","N/A","Ultimate","Dragon Release","7","Weaken Dragon Enemies","11","https://digimon.fandom.com/wiki/Digimon%20Heroes!/Collection/Dragon"
"Dragon","Agumon","","3-001","Common","10","1","38","30","53","28","Dragon","N/A","Child","Small Damage Return","5","Small Recovery","6","https://digimon.fandom.com/wiki/Digimon%20Heroes!/Collection/Dragon"
"Dragon","Guilmon","","3-002","Common","10","1","48","24","40","16","Dragon","N/A","Child","Small Damage to All","8","Small Recovery","6","https://digimon.fandom.com/wiki/Digimon%20Heroes!/Collection/Dragon"
"Dragon","Renamon","","3-003","Common","10","1","28","21","48","25","Dragon","N/A","Child","Small Recovery Boost","5","Small Dragon Defense Boost","7","https://digimon.fandom.com/wiki/Digimon%20Heroes!/Collection/Dragon"
"Dragon","Kyubimon","","3-004","Uncommon","20","2","60","45","70","40","Dragon","N/A","Adult","Medium Recovery Boost","7","Medium Attack Boost","8","https://digimon.fandom.com/wiki/Digimon%20Heroes!/Collection/Dragon"
"Dragon","Growmon","","3-005","Uncommon","20","1","72","48","64","32","Dragon","N/A","Adult","Medium Damage to All","12","Medium Recovery","8","https://digimon.fandom.com/wiki/Digimon%20Heroes!/Collection/Dragon"
"Dragon","Fladramon","","3-007","Queen","40","2","84","55","72","49","Dragon","N/A","Armor","Knight Support","5","Dragon Drive","5","https://digimon.fandom.com/wiki/Digimon%20Heroes!/Collection/Dragon"
"Dragon","Grappuleomon","GrappuLeomon","3-009","Rare","30","3","79","61","89","58","Dragon","N/A","Perfect","Large Damage Return","10","Large Attack Boost","15","https://digimon.fandom.com/wiki/Digimon%20Heroes!/Collection/Dragon"
"Dragon","Taomon","","3-010","Rare","30","3","72","63","95","82","Dragon","N/A","Perfect","Large Recovery Boost","11","All Attack","5","https://digimon.fandom.com/wiki/Digimon%20Heroes!/Collection/Dragon"
"Dragon","Megalogrowmon","MegaloGrowmon","3-012","Queen","40","3","428","96","80","36","Dragon","N/A","Perfect","Large Damage to All","16","Small Absorption","6","https://digimon.fandom.com/wiki/Digimon%20Heroes!/Collection/Dragon"
"Dragon","Ulforcevdramon","UlforceVdramon","3-013","King","60","5","131","113","128","68","Dragon","N/A","Ultimate","Extra Large Dragon Attack Boost","18","All Dragon","9","https://digimon.fandom.com/wiki/Digimon%20Heroes!/Collection/Dragon"
"Dragon","Sakuyamon","","3-014","Queen","40","5","95","92","115","92","Dragon","N/A","Ultimate","Extra-Large Recovery Boost","15","Extra Large Attack Boost","22","https://digimon.fandom.com/wiki/Digimon%20Heroes!/Collection/Dragon"
"Dragon","Bancholeomon","BanchoLeomon","3-017","Queen","40","5","100","91","110","83","Dragon","N/A","Ultimate","Suicide Attack","12","Extra Large Dragon Attack Boost","19","https://digimon.fandom.com/wiki/Digimon%20Heroes!/Collection/Dragon"
"Dragon","Coronamon","","4-001","Common","10","2","29","29","52","31","Dragon","N/A","Child","Small Damage to All","8","Dragon Drive","5","https://digimon.fandom.com/wiki/Digimon%20Heroes!/Collection/Dragon"
"Dragon","V-dramon","","4-010","Rare","30","2","66","56","76","38","Dragon","N/A","Adult","Medium Attack Boost","8","Recovery Boost 2","8","https://digimon.fandom.com/wiki/Digimon%20Heroes!/Collection/Dragon"
"Dragon","Aerovdramon","AeroVdramon","4-012","Rare","40","3","87","52","91","64","Dragon","N/A","Perfect","Large Dragon Attack Boost","13","Wild Boost","7","https://digimon.fandom.com/wiki/Digimon%20Heroes!/Collection/Dragon"
"Dragon","Cyberdramon","","4-013","Rare","30","3","76","78","92","66","Dragon","N/A","Perfect","Large Damage to All","16","Dragon Drive","5","https://digimon.fandom.com/wiki/Digimon%20Heroes!/Collection/Dragon"
"Dragon","Zhuqiaomon","","4-020","King","50","4","100","94","122","103","Dragon","N/A","Ultimate","Enemy Defense Down Extra Large","18","All Dragon","9","https://digimon.fandom.com/wiki/Digimon%20Heroes!/Collection/Dragon"
"Dragon","Firamon","","5-015","Uncommon","20","3","56","52","76","55","Dragon","N/A","Adult","Medium Damage to All","12","Knight Support","5","https://digimon.fandom.com/wiki/Digimon%20Heroes!/Collection/Dragon"
"Dragon","Flaremon","","5-016","Rare","30","5","81","74","99","78","Dragon","N/A","Perfect","Large Damage to All","16","Knight Seal","5","https://digimon.fandom.com/wiki/Digimon%20Heroes!/Collection/Dragon"
"Dragon","Apollomon","","5-017","Queen","40","3","90","80","106","85","Dragon","N/A","Ultimate","Extra Large Damage to All","20","All Dragon","10","https://digimon.fandom.com/wiki/Digimon%20Heroes!/Collection/Dragon"
"Dragon","Omegamon","","5-018","God","60","7","164","148","188","98","Dragon","N/A","Ultimate","Weaken All Enemies","14","Extra Large Damage Return","13","https://digimon.fandom.com/wiki/Digimon%20Heroes!/Collection/Dragon"
"Dragon","Metalgreymon","MetalGreymon","5-044","Common","20","4","75","65","83","46","Dragon","N/A","Perfect","Large Damage Return","10","Recovery Boost 2","8","https://digimon.fandom.com/wiki/Digimon%20Heroes!/Collection/Dragon"
"Dragon","Imperialdramon DM","","5-045","God","60","5","98","97","113","83","Dragon","N/A","Ultimate","Extra Large Attack Boost","21","Extra Large Defense Boost","21","https://digimon.fandom.com/wiki/Digimon%20Heroes!/Collection/Dragon"
"Dragon","Imperialdramon FM","","5-046","Queen","40","4","82","82","98","69","Dragon","N/A","Ultimate","Extra Large Attack Boost","22","Dragon Release","8","https://digimon.fandom.com/wiki/Digimon%20Heroes!/Collection/Dragon"
"Dragon","Imperialdramon PM","","5-047","God","60","7","107","104","121","95","Dragon","N/A","Ultimate","Extra Large Attack Boost","21","Extra Large Dragon Defense Boost","18","https://digimon.fandom.com/wiki/Digimon%20Heroes!/Collection/Dragon"
"Dragon","Paildramon","","5-048","Queen","40","4","76","79","95","68","Dragon","N/A","Perfect","Large Attack Boost","15","Dragon Release","8","https://digimon.fandom.com/wiki/Digimon%20Heroes!/Collection/Dragon"
"Dragon","Leomon","","5-053","King","50","3","131","87","98","92","Dragon","N/A","Adult","Large Damage Return","10","Medium Attack Boost","8","https://digimon.fandom.com/wiki/Digimon%20Heroes!/Collection/Dragon"
"Dragon","Imperialdramon DM","","5-054","God","60","5","109","112","131","113","Dragon","N/A","Ultimate","Extra Large Attack Boost","21","Extra Large Defense Boost","21","https://digimon.fandom.com/wiki/Digimon%20Heroes!/Collection/Dragon"
"Dragon","Dracomon","","5-081","Common","10","2","64","24","32","24","Dragon","N/A","Child","Dragon Drive","5","Small Attack Boost","6","https://digimon.fandom.com/wiki/Digimon%20Heroes!/Collection/Dragon"
"Dragon","Coredramon","","5-082","Uncommon","20","3","96","48","48","36","Dragon","N/A","Adult","Dragon Release","8","Medium Attack Boost","8","https://digimon.fandom.com/wiki/Digimon%20Heroes!/Collection/Dragon"
"Dragon","Wingdramon","","5-083","Queen","40","4","181","81","58","44","Dragon","N/A","Perfect","Dragon Release","7","Large Attack Boost","14","https://digimon.fandom.com/wiki/Digimon%20Heroes!/Collection/Dragon"
"Dragon","Slayerdramon","","5-084","King","60","6","280","56","84","56","Dragon","N/A","Ultimate","Large Damage to All","14","Weaken Knight Enemies","10","https://digimon.fandom.com/wiki/Digimon%20Heroes!/Collection/Dragon"
"Dragon","Omegamon","","5-095","God","60","7","164","148","188","98","Dragon","N/A","Ultimate","Total Weaken All Enemies","19","Big Enemy Attack Delay","14","https://digimon.fandom.com/wiki/Digimon%20Heroes!/Collection/Dragon"
"Dragon","Omegamon","","5-096","God","60","7","164","148","188","98","Dragon","N/A","Ultimate","Weaken All Enemies","14","Extra Large Damage Return","13","https://digimon.fandom.com/wiki/Digimon%20Heroes!/Collection/Dragon"
"Dragon","Apollomon","","5-213","SP","60","3","222","134","184","125","Dragon","N/A","Ultimate","Damage All Enemies","21","All Dragon","9","https://digimon.fandom.com/wiki/Digimon%20Heroes!/Collection/Dragon"
"Dragon","Omegamon","","5-214","SP","60","7","174","158","198","108","Dragon","N/A","Ultimate","Total Weaken All Enemies","19","Big Enemy Attack Delay","14","https://digimon.fandom.com/wiki/Digimon%20Heroes!/Collection/Dragon"
"Dragon","Ulforcevdramon","UlforceVdramon","5-216","SP","60","5","172","201","164","99","Dragon","N/A","Ultimate","Extra Large Attack Boost","21","All Dragon","9","https://digimon.fandom.com/wiki/Digimon%20Heroes!/Collection/Dragon"
"Dragon","Saberleomon","SaberLeomon","5-226","Rare","50","6","179","155","135","115","Dragon","N/A","Ultimate","Maximum Dark Attack Boost","22","All Attack","4","https://digimon.fandom.com/wiki/Digimon%20Heroes!/Collection/Dragon"
"Dragon","Sakuyamon","","5-227","Queen","50","5","115","112","135","112","Dragon","N/A","Ultimate","Maximum Dark Defense Boost","22","Extra Large Attack Boost","21","https://digimon.fandom.com/wiki/Digimon%20Heroes!/Collection/Dragon"
"Dragon","Demon","","5-233","God","60","5","128","128","138","109","Dragon","N/A","Ultimate","Large Absorption","9","Dark Release","7","https://digimon.fandom.com/wiki/Digimon%20Heroes!/Collection/Dragon"
"Dragon","Shoutmon x3GM","Shoutmon X3GM","5-258","SP","60","7","189","174","143","123","Dragon","N/A","Xros Wars","All Dragon","9","Extra Large Dragon Attack Boost","18","https://digimon.fandom.com/wiki/Digimon%20Heroes!/Collection/Dragon"
"Dragon","Apollomon","","5-273","SP","60","3","222","134","184","125","Dragon","N/A","Ultimate","Super-Maximum Shield Barbamon","6","All Dragon","9","https://digimon.fandom.com/wiki/Digimon%20Heroes!/Collection/Dragon"
"Dragon","Ulforcevdramon","UlforceVdramon","5-275","SP","60","5","172","201","164","99","Dragon","N/A","Ultimate","Super-Maximum Shield Demon","6","All Dragon","9","https://digimon.fandom.com/wiki/Digimon%20Heroes!/Collection/Dragon"
"Dragon","Gazimon","","5-279","Rare","30","2","137","99","104","118","Dragon","N/A","Child","Small Dragon Defense Boost","6","All Attack","4","https://digimon.fandom.com/wiki/Digimon%20Heroes!/Collection/Dragon"
"Dragon","Dobermon","","5-280","Queen","40","3","119","151","126","128","Dragon","N/A","Adult","Small Damage to All","7","Small Enemy Attack Delay","9","https://digimon.fandom.com/wiki/Digimon%20Heroes!/Collection/Dragon"
"Dragon","Cerberumon","","5-281","God","60","5","186","147","132","133","Dragon","N/A","Perfect","Small Absorption","5","All Dark","9","https://digimon.fandom.com/wiki/Digimon%20Heroes!/Collection/Dragon"
"Dragon","Gaogamon","","5-285","Queen","40","3","168","147","104","93","Dragon","N/A","Adult","Small Skill Boost","14","Enemy Defense Down Small","6","https://digimon.fandom.com/wiki/Digimon%20Heroes!/Collection/Dragon"
"Dragon","Machgaogamon","MachGaogamon","5-286","Queen","40","4","176","127","110","95","Dragon","N/A","Perfect","Small Skill Boost","14","Enemy Defense Down Medium","8","https://digimon.fandom.com/wiki/Digimon%20Heroes!/Collection/Dragon"
"Dragon","Omegamon","","5-314","God","60","7","170","177","203","175","Dragon","N/A","Ultimate","Weaken All Enemies","13","Extra Large Damage Return","12","https://digimon.fandom.com/wiki/Digimon%20Heroes!/Collection/Dragon"
"Dragon","Wargreymon","WarGreymon","5-315","King","50","6","124","103","128","90","Dragon","N/A","Ultimate","Extra Large Damage Return","13","Extra-Large Recovery Boost","14","https://digimon.fandom.com/wiki/Digimon%20Heroes!/Collection/Dragon"
"Dragon","Metalgarurumon","MetalGarurumon","5-319","King","50","6","107","122","132","98","Dragon","N/A","Ultimate","Extra Large Damage to All","19","Extra Large Dragon Attack Boost","18","https://digimon.fandom.com/wiki/Digimon%20Heroes!/Collection/Dragon"
"Dragon","Demon","","5-355","SP","60","5","147","133","152","114","Dragon","N/A","Ultimate","Large Absorption","9","Dark Release","7","https://digimon.fandom.com/wiki/Digimon%20Heroes!/Collection/Dragon"
"Dragon","Zhuqiaomon","","5-368","SP","60","4","130","134","192","133","Dragon","N/A","Ultimate","Maximum Weaken Defense","22","All Dragon","9","https://digimon.fandom.com/wiki/Digimon%20Heroes!/Collection/Dragon"
"Dragon","Imperialdramon FM","","5-374","SP","60","4","134","128","164","112","Dragon","N/A","Ultimate","Extra Large Attack Boost","21","All Dragon","8","https://digimon.fandom.com/wiki/Digimon%20Heroes!/Collection/Dragon"
"Dragon","Imperialdramon PM","","5-375","SP","60","7","237","192","177","107","Dragon","N/A","Ultimate","Extra Large Attack Boost","20","Maximum Dragon Defense Boost","21","https://digimon.fandom.com/wiki/Digimon%20Heroes!/Collection/Dragon"
"Dragon","Imperialdramon DM","","5-384","SP","60","5","183","116","191","106","Dragon","N/A","Ultimate","Extra Large Attack Boost","20","75% Defense","15","https://digimon.fandom.com/wiki/Digimon%20Heroes!/Collection/Dragon"
"Dragon","Zhuqiaomon","","5-428","SP","60","4","130","134","192","133","Dragon","N/A","Ultimate","Maximum Delay Attack Huanglongmon","14","All Dragon","9","https://digimon.fandom.com/wiki/Digimon%20Heroes!/Collection/Dragon"
"Dragon","Wargreymon","WarGreymon","5-531","King","50","6","111","102","121","85","Dragon","N/A","Ultimate","Extra Large Damage Return","13","Extra-Large Recovery Boost","14","https://digimon.fandom.com/wiki/Digimon%20Heroes!/Collection/Dragon"
"Dragon","Metalgarurumon","MetalGarurumon","5-535","King","50","6","106","109","123","88","Dragon","N/A","Ultimate","Extra Large Damage to All","19","Extra Large Dragon Attack Boost","18","https://digimon.fandom.com/wiki/Digimon%20Heroes!/Collection/Dragon"
"Dragon","Omegamon","","5-542","God","60","7","169","175","199","172","Dragon","N/A","Ultimate","Total Weaken All Enemies","19","Big Enemy Attack Delay","14","https://digimon.fandom.com/wiki/Digimon%20Heroes!/Collection/Dragon"
"Dragon","Slayerdramon","","5-543","SP","60","6","294","116","96","68","Dragon","N/A","Ultimate","Large Damage to All","14","Weaken All Enemies","13","https://digimon.fandom.com/wiki/Digimon%20Heroes!/Collection/Dragon"
"Dragon","Slayerdramon","","5-544","SP","60","6","294","116","96","68","Dragon","N/A","Ultimate","Large Damage to All","14","Weaken All Enemies","13","https://digimon.fandom.com/wiki/Digimon%20Heroes!/Collection/Dragon"
"Dragon","Aegiomon","","5-545","Rare","30","2","88","79","92","69","Dragon","N/A","Adult","Wild Boost","8","Small Recovery","6","https://digimon.fandom.com/wiki/Digimon%20Heroes!/Collection/Dragon"
"Dragon","Wargreymon","WarGreymon","5-548","SP +","70","6","146","138","142","121","Dragon","N/A","Ultimate","Damage Enemy","15","Extra-Large Recovery Boost","14","https://digimon.fandom.com/wiki/Digimon%20Heroes!/Collection/Dragon"
"Dragon","Metalgarurumon","MetalGarurumon","5-549","God +","60","6","120","138","124","96","Dragon","N/A","Ultimate","Extra Large Damage to All","19","Extra Large Dragon Attack Boost","18","https://digimon.fandom.com/wiki/Digimon%20Heroes!/Collection/Dragon"
"Dragon","Metalgreymon","MetalGreymon","5-550","SP +","50","4","104","122","102","75","Dragon","N/A","Perfect","Extra Large Damage Return","14","Large Skill Boost","20","https://digimon.fandom.com/wiki/Digimon%20Heroes!/Collection/Dragon"
"Dragon","Weregarurumon","WereGarurumon","5-552","SP +","50","3","94","88","106","95","Dragon","N/A","Perfect","Extra Large Damage to All","19","Large Attack Boost","14","https://digimon.fandom.com/wiki/Digimon%20Heroes!/Collection/Dragon"
"Dragon","Saberleomon","SaberLeomon","5-570","SP +","60","6","152","137","146","144","Dragon","N/A","Ultimate","Large Damage Return","9","Dragon Drive","4","https://digimon.fandom.com/wiki/Digimon%20Heroes!/Collection/Dragon"
"Dragon","Dinotigermon","","5-571","SP +","60","7","148","141","172","133","Dragon","N/A","Ultimate","Extra Large Dragon Defense Boost","18","Recovery Boost 1","5","https://digimon.fandom.com/wiki/Digimon%20Heroes!/Collection/Dragon"
"Dragon","Spinomon","","5-572","God","50","5","108","131","128","81","Dragon","N/A","Ultimate","Small Absorption","5","Dragon Release","7","https://digimon.fandom.com/wiki/Digimon%20Heroes!/Collection/Dragon"
"Dragon","Dinorexmon","","5-574","God","50","5","129","101","142","132","Dragon","N/A","Ultimate","Large Attack Boost","15","Large Dragon Defense Boost","14","https://digimon.fandom.com/wiki/Digimon%20Heroes!/Collection/Dragon"
"Dragon","Imperialdramon PM","","5-576","SP +","60","7","159","190","148","132","Dragon","N/A","Ultimate","Maximum Attack Boost","23","Extra Large Defense Boost","21","https://digimon.fandom.com/wiki/Digimon%20Heroes!/Collection/Dragon"
"Dragon","Aegiochusmon","","5-577","King","50","7","124","96","128","92","Dragon","N/A","Perfect","All Dragon","9","Medium Recovery","7","https://digimon.fandom.com/wiki/Digimon%20Heroes!/Collection/Dragon"
"Dragon","Zekegreymon","ZekeGreymon","5-578","God +","60","7","163","217","222","116","Dragon","N/A","Xros Wars","All Dragon","9","Medium Attack Boost","7","https://digimon.fandom.com/wiki/Digimon%20Heroes!/Collection/Dragon"
"Dragon","Victorygreymon","VictoryGreymon","5-579","God +","60","7","218","164","190","129","Dragon","N/A","Ultimate","Dragon Drive","4","Weaken All Enemies","14","https://digimon.fandom.com/wiki/Digimon%20Heroes!/Collection/Dragon"
"Dragon","Omegashoutmon","OmegaShoutmon","5-581","SP +","60","7","216","184","224","129","Dragon","N/A","Ultimate","75% Defense","16","Recovery Boost 1","5","https://digimon.fandom.com/wiki/Digimon%20Heroes!/Collection/Dragon"
"Dragon","Z'd Garurumon","","5-584","SP +","60","7","234","196","152","166","Dragon","N/A","Ultimate","Small Damage to All","7","Weaken Dragon Enemies","11","https://digimon.fandom.com/wiki/Digimon%20Heroes!/Collection/Dragon"
"Dragon","Miragegaogamon","MirageGaogamon","5-585","SP +","60","7","221","162","132","153","Dragon","N/A","Ultimate","Evolution 1","4","Small Skill Boost","13","https://digimon.fandom.com/wiki/Digimon%20Heroes!/Collection/Dragon"
"Dragon","Garudamon","","5-591","SP +","60","7","165","210","215","151","Dragon","N/A","Perfect","Enemy Defense Down Extra Large","18","Large Skill Boost","19","https://digimon.fandom.com/wiki/Digimon%20Heroes!/Collection/Dragon"
"Dragon","Wargreymon","WarGreymon","5-654","God +","60","6","126","118","136","100","Dragon","N/A","Ultimate","Extra Large Damage Return","13","Extra-Large Recovery Boost","14","https://digimon.fandom.com/wiki/Digimon%20Heroes!/Collection/Dragon"
"Dragon","Metalgarurumon","MetalGarurumon","5-655","SP +","70","6","141","161","135","104","Dragon","N/A","Ultimate","Damage All Enemies","21","Extra Large Dragon Attack Boost","18","https://digimon.fandom.com/wiki/Digimon%20Heroes!/Collection/Dragon"
"Dragon","Agumon & Wargreymon","Agumon & WarGreymon","5-657","King","60","6","149","432","174","113","Dragon","Dragon","Ultimate/Child","Extra Large Damage Return","13","Large Recovery","9","https://digimon.fandom.com/wiki/Digimon%20Heroes!/Collection/Dragon"
"Dragon","Aegiochusmon","","5-745","God","50","7","152","116","142","111","Dragon","N/A","Perfect","All Dragon","9","Medium Recovery","7","https://digimon.fandom.com/wiki/Digimon%20Heroes!/Collection/Dragon"
"Dragon","Aegiochusmon","","5-746","God +","60","7","164","148","155","139","Dragon","N/A","Perfect","Dragon Release","7","Large Recovery","9","https://digimon.fandom.com/wiki/Digimon%20Heroes!/Collection/Dragon"
"Dragon","Shinegreymon","ShineGreymon","5-768","God","60","7","182","129","149","132","Dragon","N/A","Ultimate","Dragon Release","6","Weaken Dragon Enemies","10","https://digimon.fandom.com/wiki/Digimon%20Heroes!/Collection/Dragon"
"Dragon","Zekegreymon","ZekeGreymon","5-769","God","60","7","150","212","199","105","Dragon","N/A","Xros Wars","All Dragon","9","Medium Dragon Attack Boost","8","https://digimon.fandom.com/wiki/Digimon%20Heroes!/Collection/Dragon"
"Dragon","Victorygreymon","VictoryGreymon","5-770","God","60","7","210","147","178","122","Dragon","N/A","Ultimate","Dragon Drive","4","Weaken Dragon Enemies","11","https://digimon.fandom.com/wiki/Digimon%20Heroes!/Collection/Dragon"
"Dragon","Weregarurumon","WereGarurumon","5-771","SP +","60","7","218","183","141","161","Dragon","N/A","Perfect","Dragon Release","7","Medium Damage Return","6","https://digimon.fandom.com/wiki/Digimon%20Heroes!/Collection/Dragon"
"Dragon","Garurumon","","5-772","Queen","40","3","138","118","131","125","Dragon","N/A","Adult","Enemy Attack Down Medium","8","Medium Damage Return","6","https://digimon.fandom.com/wiki/Digimon%20Heroes!/Collection/Dragon"
"Dragon","Metalgreymon virus species","MetalGreymon (Virus)","5-779","God","60","4","153","162","154","133","Dragon","N/A","Perfect","Large Damage Return","9","75% Defense","16","https://digimon.fandom.com/wiki/Digimon%20Heroes!/Collection/Dragon"
"Dragon","Lynxmon","","5-786","Queen","40","3","156","118","127","128","Dragon","N/A","Armor","Medium Damage Return","6","Knight Support","4","https://digimon.fandom.com/wiki/Digimon%20Heroes!/Collection/Dragon"
"Dragon","Cyberdramon","","5-804","SP +","60","7","214","178","221","135","Dragon","N/A","Perfect","Enemy Defense Down Medium","8","Dragon Drive","4","https://digimon.fandom.com/wiki/Digimon%20Heroes!/Collection/Dragon"
"Dragon","Diatrymon","","5-844","Queen","40","5","160","103","180","105","Dragon","N/A","Adult","Large Dragon Attack Boost","13","Large Damage to All","15","https://digimon.fandom.com/wiki/Digimon%20Heroes!/Collection/Dragon"
"Dragon","Akatorimon","","5-845","Queen","40","5","121","108","152","133","Dragon","N/A","Adult","Weaken Dragon Enemies","11","Small Enemy Attack Delay","9","https://digimon.fandom.com/wiki/Digimon%20Heroes!/Collection/Dragon"
"Dragon","Kaisergreymon","KaiserGreymon","5-929","SP +","70","7","206","147","211","128","Dragon","N/A","Hybrid","Extra Large Dragon Defense Boost","18","Extra Large Damage Return","13","https://digimon.fandom.com/wiki/Digimon%20Heroes!/Collection/Dragon"
"Dragon","Panjyamon","","5-934","King","50","5","152","122","128","136","Dragon","N/A","Perfect","Dragon Drive","4","Large Attack Boost","14","https://digimon.fandom.com/wiki/Digimon%20Heroes!/Collection/Dragon"
"Dragon","Raptordramon","","5-935","Queen","40","4","162","115","107","110","Dragon","N/A","Adult","Maximum Dragon Attack Boost","22","Big Enemy Attack Delay","14","https://digimon.fandom.com/wiki/Digimon%20Heroes!/Collection/Dragon"
"Dragon","Tyranomon","","5-952","Queen","40","4","172","108","157","122","Dragon","N/A","Adult","Dragon Release","7","Damage Enemy","15","https://digimon.fandom.com/wiki/Digimon%20Heroes!/Collection/Dragon"
"Dragon","Bancholeomon","BanchoLeomon","5-991","SP +","60","7","219","188","258","110","Dragon","N/A","Ultimate","Large Absorption","10","Small Skill Boost","15","https://digimon.fandom.com/wiki/Digimon%20Heroes!/Collection/Dragon"
"Dragon","Kangarumon","","5-995","Queen","40","4","98","143","121","134","Dragon","N/A","Adult","Dragon Drive","4","Small Recovery Boost","4","https://digimon.fandom.com/wiki/Digimon%20Heroes!/Collection/Dragon"
"Dragon","Volcdramon","","5-996","King","50","5","196","158","204","88","Dragon","N/A","Perfect","Enemy Defense Down Small","7","Small Damage Return","5","https://digimon.fandom.com/wiki/Digimon%20Heroes!/Collection/Dragon"
"Dragon","Grappuleomon","GrappuLeomon","6-003","God +","60","7","195","179","192","101","Dragon","N/A","Perfect","Enemy Attack Down Extra Large","18","Dragon Release","7","https://digimon.fandom.com/wiki/Digimon%20Heroes!/Collection/Dragon"
"Dragon","Liamon","","6-005","Queen","40","4","150","105","154","53","Dragon","N/A","Adult","Small Dragon Attack Boost","6","Medium Dragon Defense Boost","8","https://digimon.fandom.com/wiki/Digimon%20Heroes!/Collection/Dragon"
"Dragon","Wargreymon","WarGreymon","6-031","SP +","70","7","226","142","212","132","Dragon","N/A","Ultimate","Damage Enemy","15","Weaken Knight Enemies","11","https://digimon.fandom.com/wiki/Digimon%20Heroes!/Collection/Dragon"
"Dragon","Metalgarurumon","MetalGarurumon","6-032","God +","70","7","201","195","222","127","Dragon","N/A","Ultimate","Damage All Enemies","21","Extra Large Dragon Attack Boost","18","https://digimon.fandom.com/wiki/Digimon%20Heroes!/Collection/Dragon"
"Dragon","Weregarurumon","WereGarurumon","6-041","King","50","5","136","123","148","141","Dragon","N/A","Perfect","Large Damage to All","15","Knight Support","4","https://digimon.fandom.com/wiki/Digimon%20Heroes!/Collection/Dragon"
"Dragon","Flarelizamon","FlareLizamon","6-076","King","50","4","155","166","127","131","Dragon","N/A","Adult","Evolution 1","5","Enemy Attack Down Large","13","https://digimon.fandom.com/wiki/Digimon%20Heroes!/Collection/Dragon"
"Dragon","Ex-tyranomon","Ex-Tyranomon","6-079","God","60","6","187","134","210","131","Dragon","N/A","Perfect","Extra Large Defense Boost","21","Wild Boost","7","https://digimon.fandom.com/wiki/Digimon%20Heroes!/Collection/Dragon"
"Dragon","Fangmon","","6-083","Queen","40","3","137","113","118","128","Dragon","N/A","Adult","Medium Damage Return","6","Medium Dragon Defense Boost","8","https://digimon.fandom.com/wiki/Digimon%20Heroes!/Collection/Dragon"
"Dragon","Tobucatmon","TobuCatmon","6-113","King","50","6","144","121","134","108","Dragon","N/A","Adult","Extra-Large Recovery Boost","14","All Healing","7","https://digimon.fandom.com/wiki/Digimon%20Heroes!/Collection/Dragon"
"Dragon","Dogmon","","6-143","Queen","40","5","158","122","118","118","Dragon","N/A","Adult","Damage Enemy","15","Extra Large Dragon Attack Boost","18","https://digimon.fandom.com/wiki/Digimon%20Heroes!/Collection/Dragon"
"Dragon","Omegamon","","6-193","SP +","70","7","224","140","192","128","Dragon","N/A","Ultimate","75% Defense","16","Damage Enemy","15","https://digimon.fandom.com/wiki/Digimon%20Heroes!/Collection/Dragon"
"Dragon","Paildramon","","6-194","God","60","7","191","161","134","149","Dragon","N/A","Perfect","Extra Large Attack Boost","21","Dragon Release","7","https://digimon.fandom.com/wiki/Digimon%20Heroes!/Collection/Dragon"
"Dragon","Megadramon","","6-220","SP +","60","7","233","118","101","198","Dragon","N/A","Perfect","Small Enemy Attack Delay","8","Extra Large Damage Return","12","https://digimon.fandom.com/wiki/Digimon%20Heroes!/Collection/Dragon"
"Dragon","Strikedramon","","6-223","Queen","40","4","141","115","151","54","Dragon","N/A","Adult","Dragon Drive","4","Small Enemy Attack Delay","9","https://digimon.fandom.com/wiki/Digimon%20Heroes!/Collection/Dragon"
"Dragon","Wingdramon","","6-226","King","50","5","174","95","181","114","Dragon","N/A","Perfect","Enemy Attack Down Medium","8","Large Absorption","9","https://digimon.fandom.com/wiki/Digimon%20Heroes!/Collection/Dragon"
"Dragon","Deltamon","","6-231","Queen","40","4","177","111","104","89","Dragon","N/A","Adult","Medium Damage Return","6","All Attack","4","https://digimon.fandom.com/wiki/Digimon%20Heroes!/Collection/Dragon"
"Dragon","Dinohumon","","6-251","King","50","5","187","140","155","82","Dragon","N/A","Adult","All Attack","4","Evolution 1","5","https://digimon.fandom.com/wiki/Digimon%20Heroes!/Collection/Dragon"
"Dragon","Cockatrimon","","6-258","Queen","40","4","124","135","98","97","Dragon","N/A","Adult","Medium Nature Attack Boost","8","Large Recovery Boost","10","https://digimon.fandom.com/wiki/Digimon%20Heroes!/Collection/Dragon"
"Dragon","Vikaralamon","","6-260","God +","60","7","281","139","184","108","Dragon","N/A","Perfect","Small Dragon Attack Boost","7","Small Dragon Defense Boost","7","https://digimon.fandom.com/wiki/Digimon%20Heroes!/Collection/Dragon"
"Dragon","Magnagarurumon","MagnaGarurumon","6-333","SP +","70","7","198","176","183","100","Dragon","N/A","Hybrid","Extra Large Knight Defense Boost","17","Weaken All Enemies","13","https://digimon.fandom.com/wiki/Digimon%20Heroes!/Collection/Dragon"
"Dragon","Aerovdramon","AeroVdramon","6-336","SP +","70","7","234","144","201","158","Dragon","N/A","Perfect","Dragon Drive","4","All Dragon","9","https://digimon.fandom.com/wiki/Digimon%20Heroes!/Collection/Dragon"
"Dragon","Gryzmon","","6-342","Queen","40","4","182","145","137","110","Dragon","N/A","Adult","Dragon Drive","5","Three Elements","10","https://digimon.fandom.com/wiki/Digimon%20Heroes!/Collection/Dragon"
"Dragon","Kaisergreymon","KaiserGreymon","6-345","God +","60","7","221","130","188","104","Dragon","N/A","Hybrid","All Dragon","9","Large Absorption","9","https://digimon.fandom.com/wiki/Digimon%20Heroes!/Collection/Dragon"
"Dragon","Zhuqiaomon","","6-346","God +","60","7","170","182","155","124","Dragon","N/A","Ultimate","Small Skill Boost","14","Small Enemy Attack Delay","9","https://digimon.fandom.com/wiki/Digimon%20Heroes!/Collection/Dragon"
"Dragon","Ulforcevdramon","UlforceVdramon","6-369","SP +","70","7","155","162","167","127","Dragon","N/A","Ultimate","Evolution 1","4","Enemy Attack Down Medium","7","https://digimon.fandom.com/wiki/Digimon%20Heroes!/Collection/Dragon"
"Dragon","XV-mon","","6-370","Queen","40","4","180","123","185","75","Dragon","N/A","Adult","Dark Drive","5","Dragon Release","8","https://digimon.fandom.com/wiki/Digimon%20Heroes!/Collection/Dragon"
"Dragon","Mikemon","","6-371","Queen","40","4","64","91","143","170","Dragon","N/A","Adult","Small Absorption","5","Enemy Attack Down Small","6","https://digimon.fandom.com/wiki/Digimon%20Heroes!/Collection/Dragon"
"Dragon","Blackwargreymon","BlackWarGreymon","6-379","God +","60","7","201","178","194","174","Dragon","N/A","Ultimate","Large Absorption","10","Evolution 2","8","https://digimon.fandom.com/wiki/Digimon%20Heroes!/Collection/Dragon"
"Dragon","Guilmon","","6-400","God","40","7","165","119","178","159","Dragon","N/A","Child","Medium Dragon Attack Boost","8","Dragon Release","7","https://digimon.fandom.com/wiki/Digimon%20Heroes!/Collection/Dragon"
"Dragon","Renamon","","6-401","God","40","7","135","97","198","146","Dragon","N/A","Child","Enemy Defense Down Large","13","All Nine","9","https://digimon.fandom.com/wiki/Digimon%20Heroes!/Collection/Dragon"
"Dragon","Agumon","","6-404","God","30","7","189","89","225","116","Dragon","N/A","Child","Large Attack Boost","14","Wild Boost","7","https://digimon.fandom.com/wiki/Digimon%20Heroes!/Collection/Dragon"
"Dragon","V-mon","","6-406","God","30","7","135","170","176","126","Dragon","N/A","Child","Enemy Defense Down Small","6","Large Absorption","9","https://digimon.fandom.com/wiki/Digimon%20Heroes!/Collection/Dragon"
"Dragon","Rizegreymon","RizeGreymon","6-439","SP +","70","7","214","134","155","170","Dragon","N/A","Perfect","Evolution 1","5","All Dragon","9","https://digimon.fandom.com/wiki/Digimon%20Heroes!/Collection/Dragon"
"Dragon","Mercurymon","","6-444","God +","60","7","166","134","165","171","Dragon","N/A","Ultimate","Medium Defense Boost","7","Large Absorption","9","https://digimon.fandom.com/wiki/Digimon%20Heroes!/Collection/Dragon"
"Dragon","Mercurymon","","6-447","God","60","7","138","105","135","131","Dragon","N/A","Ultimate","Small Defense Boost","5","Small Absorption","5","https://digimon.fandom.com/wiki/Digimon%20Heroes!/Collection/Dragon"
"Dragon","Centalmon","","6-450","Queen","40","4","119","103","107","154","Dragon","N/A","Adult","Medium Dragon Defense Boost","8","Recovery Boost 2","7","https://digimon.fandom.com/wiki/Digimon%20Heroes!/Collection/Dragon"
"Dragon","Labramon","","6-475","God +","10","2","43","34","40","28","Dragon","N/A","Child","Small Dragon Attack Boost","7","Enemy Attack Down Small","7","https://digimon.fandom.com/wiki/Digimon%20Heroes!/Collection/Dragon"
"Dragon","Bearmon","","6-476","Rare","30","5","130","65","151","125","Dragon","N/A","Child","Medium Defense Boost","8","Small Skill Boost","15","https://digimon.fandom.com/wiki/Digimon%20Heroes!/Collection/Dragon"
"Dragon","Darktyranomon","DarkTyranomon","6-477","God +","60","7","201","178","200","89","Dragon","N/A","Adult","Medium Damage Return","6","Evolution 1","5","https://digimon.fandom.com/wiki/Digimon%20Heroes!/Collection/Dragon"
"Dragon","Shinegreymon","ShineGreymon","6-497","SP +","70","7","197","162","164","134","Dragon","N/A","Ultimate","One blow (medium)","7","Enemy Defense Down Medium","7","https://digimon.fandom.com/wiki/Digimon%20Heroes!/Collection/Dragon"
"Dragon","Baalmon","","6-539","Queen","40","6","148","91","76","97","Dragon","N/A","Perfect","Large Damage Return","10","Dark Release","8","https://digimon.fandom.com/wiki/Digimon%20Heroes!/Collection/Dragon"
"Dragon","Duftmon","","6-541","SP +","70","7","154","206","186","102","Dragon","N/A","Ultimate","Large Skill Boost","18","All Nine","8","https://digimon.fandom.com/wiki/Digimon%20Heroes!/Collection/Dragon"
"Dragon","Unimon","","6-550","Rare","30","5","113","109","120","111","Dragon","N/A","Adult","Dragon Support","4","Recovery Boost 1","5","https://digimon.fandom.com/wiki/Digimon%20Heroes!/Collection/Dragon"
"Dragon","Unimon","","6-551","King","50","5","134","121","132","142","Dragon","N/A","Adult","All Healing","7","Recovery Boost 2","7","https://digimon.fandom.com/wiki/Digimon%20Heroes!/Collection/Dragon"
"Dragon","Kaiserleomon","KaiserLeomon","6-564","SP +","70","7","143","176","188","152","Dragon","N/A","Hybrid","Wild Boost","6","Medium Recovery Boost","5","https://digimon.fandom.com/wiki/Digimon%20Heroes!/Collection/Dragon"
"Dragon","Panjyamon","","6-579","King","50","5","152","122","128","136","Dragon","N/A","Perfect","Dragon Drive","4","Large Attack Boost","14","https://digimon.fandom.com/wiki/Digimon%20Heroes!/Collection/Dragon"
"Dragon","Ornismon","","6-590","Rare","50","5","154","106","132","121","Dragon","N/A","Ultimate","Wild Boost","7","Dragon Drive","4","https://digimon.fandom.com/wiki/Digimon%20Heroes!/Collection/Dragon"
"Dragon","Ravmon","","6-591","Rare","50","5","143","117","115","150","Dragon","N/A","Ultimate","Medium Dragon Attack Boost","8","Evolution 1","5","https://digimon.fandom.com/wiki/Digimon%20Heroes!/Collection/Dragon"
"Dragon","Ancientsphinkmon","AncientSphinkmon","6-592","God +","60","7","183","216","176","133","Dragon","N/A","Ultimate","Weaken Knight Enemies","11","Medium KO Enemy","8","https://digimon.fandom.com/wiki/Digimon%20Heroes!/Collection/Dragon"
"Dragon","Imperialdramon FM","","6-674","SP +","70","7","178","216","180","133","Dragon","N/A","Ultimate","Dragon Release","7","Weaken All Enemies","14","https://digimon.fandom.com/wiki/Digimon%20Heroes!/Collection/Dragon"
"Dragon","Omegamon","","6-679","God","60","7","164","148","188","98","Dragon","N/A","Ultimate","Weaken All Enemies","14","Extra Large Damage Return","13","https://digimon.fandom.com/wiki/Digimon%20Heroes!/Collection/Dragon"
"Dragon","Paildramon","","6-683","Queen","40","4","76","79","95","68","Dragon","N/A","Perfect","Large Attack Boost","15","Dragon Release","8","https://digimon.fandom.com/wiki/Digimon%20Heroes!/Collection/Dragon"
"Dragon","Pegasmon","","6-685","Queen","30","2","128","94","122","72","Dragon","N/A","Armor","Medium Dragon Attack Boost","9","Dragon Drive","5","https://digimon.fandom.com/wiki/Digimon%20Heroes!/Collection/Dragon"
"Dragon","Wendimon","","6-687","Queen","40","4","151","144","124","128","Dragon","N/A","Adult","Small Dragon Attack Boost","6","Medium Dragon Defense Boost","8","https://digimon.fandom.com/wiki/Digimon%20Heroes!/Collection/Dragon"
"Dragon","Agumon","","6-694","Common","60","7","183","162","154","140","Dragon","N/A","Child","Large Damage Return","9","Wild Boost","7","https://digimon.fandom.com/wiki/Digimon%20Heroes!/Collection/Dragon"
"Dragon","Agumon Hakase","","6-695","Common","60","7","183","162","154","140","Dragon","N/A","Child","Large Damage Return","9","Wild Boost","7","https://digimon.fandom.com/wiki/Digimon%20Heroes!/Collection/Dragon"
"Dragon","Shinegreymon Burstmode","ShineGreymon Burst Mode","6-718","SP +","70","7","169","156","198","143","Dragon","N/A","Ultimate","Small Enemy Attack Delay","9","All Dragon","9","https://digimon.fandom.com/wiki/Digimon%20Heroes!/Collection/Dragon"
"Dragon","Shinegreymon Burstmode","ShineGreymon Burst Mode","6-721","God +","60","7","183","141","129","154","Dragon","N/A","Ultimate","Dragon Release","7","Medium Dragon Attack Boost","8","https://digimon.fandom.com/wiki/Digimon%20Heroes!/Collection/Dragon"
"Dragon","Spinomon","","6-726","God","60","7","195","150","181","132","Dragon","N/A","Ultimate","All Attack","4","Large Damage Return","9","https://digimon.fandom.com/wiki/Digimon%20Heroes!/Collection/Dragon"
"Dragon","Shinegreymon Burstmode","ShineGreymon Burst Mode","6-752","SP +","70","7","201","163","206","152","Dragon","N/A","Ultimate","Small Enemy Attack Delay","9","All Dragon","9","https://digimon.fandom.com/wiki/Digimon%20Heroes!/Collection/Dragon"
"Dragon","Aldamon","","6-776","Queen","40","4","145","112","124","128","Dragon","N/A","Hybrid","Small Attack Boost","5","All Dragon","9","https://digimon.fandom.com/wiki/Digimon%20Heroes!/Collection/Dragon"
"Dragon","Fladramon","","6-777","Queen","40","4","125","95","104","119","Dragon","N/A","Armor","Medium Dragon Defense Boost","8","Wild Boost","7","https://digimon.fandom.com/wiki/Digimon%20Heroes!/Collection/Dragon"
"Dragon","Examon","","6-780","God","60","7","177","132","159","129","Dragon","N/A","Ultimate","Large Skill Boost","19","All Nine","9","https://digimon.fandom.com/wiki/Digimon%20Heroes!/Collection/Dragon"
"Dragon","Examon","","6-781","God","60","7","187","142","169","142","Dragon","N/A","Ultimate","Large Skill Boost","19","All Nine","9","https://digimon.fandom.com/wiki/Digimon%20Heroes!/Collection/Dragon"
"Dragon","Spinomon","","6-808","God","60","7","203","157","187","139","Dragon","N/A","Ultimate","All Attack","4","Large Damage Return","9","https://digimon.fandom.com/wiki/Digimon%20Heroes!/Collection/Dragon"
"Dragon","Duftmon: Leopardmode","Duftmon: Leopard Mode","6-830","SP +","70","7","180","156","221","121","Dragon","N/A","Ultimate","Big Enemy Attack Delay","14","Evolution 2","7","https://digimon.fandom.com/wiki/Digimon%20Heroes!/Collection/Dragon"
"Dragon","Ulforcevdramon","UlforceVdramon","6-837","God","60","7","160","143","156","138","Dragon","N/A","Ultimate","Three Elements","9","Weaken Knight Enemies","11","https://digimon.fandom.com/wiki/Digimon%20Heroes!/Collection/Dragon"
"Dragon","Ulforcevdramon","UlforceVdramon","6-838","God +","60","7","168","154","165","151","Dragon","N/A","Ultimate","Large Recovery Boost","10","Dragon Release","7","https://digimon.fandom.com/wiki/Digimon%20Heroes!/Collection/Dragon"
"Dragon","V-mon","","6-839","Common","20","5","108","63","100","93","Dragon","N/A","Child","Dragon Drive","5","Small Dragon Defense Boost","7","https://digimon.fandom.com/wiki/Digimon%20Heroes!/Collection/Dragon"
"Dragon","Omegamon X antibody","Omegamon X-Antibody","6-902","God +","60","7","184","152","178","120","Dragon","N/A","Ultimate","Evolution 2","7","Extra Large Gamble Attack All","18","https://digimon.fandom.com/wiki/Digimon%20Heroes!/Collection/Dragon"
"Dragon","Wargreymon X antibody","WarGreymon X-Antibody","6-903","God","60","7","170","173","152","138","Dragon","N/A","Ultimate","All Dragon","9","Large Damage Return","9","https://digimon.fandom.com/wiki/Digimon%20Heroes!/Collection/Dragon"
"Dragon","Blackwargreymon X antibody","BlackWarGreymon X-Antibody","6-905","God","60","7","195","178","186","101","Dragon","N/A","Ultimate","Medium Attack Boost","7","Reshuffle (dragon)","6","https://digimon.fandom.com/wiki/Digimon%20Heroes!/Collection/Dragon"
"Dragon","Dorumon","DORUmon","6-906","Uncommon","25","4","115","7","107","121","Dragon","N/A","Child","All Attack","5","Dragon Drive","5","https://digimon.fandom.com/wiki/Digimon%20Heroes!/Collection/Dragon"
"Dragon","Dorumon","DORUmon","6-907","Rare","30","5","124","84","118","131","Dragon","N/A","Child","Dragon Release","7","Small Dragon Attack Boost","6","https://digimon.fandom.com/wiki/Digimon%20Heroes!/Collection/Dragon"
"Dragon","Omegamon X antibody","Omegamon X-Antibody","6-917","God +","60","7","194","162","188","130","Dragon","N/A","Ultimate","Evolution 2","7","Extra Large Gamble Attack All","18","https://digimon.fandom.com/wiki/Digimon%20Heroes!/Collection/Dragon"
"Dragon","Paildramon","","6-923","SP +","70","7","134","150","148","162","Dragon","N/A","Perfect","Weaken All Enemies","14","Evolution 1","5","https://digimon.fandom.com/wiki/Digimon%20Heroes!/Collection/Dragon"
"Dragon","Sagittarimon","","6-935","SP +","70","7","156","174","168","122","Dragon","N/A","Armor","All Dragon","9","Medium Attack Boost","7","https://digimon.fandom.com/wiki/Digimon%20Heroes!/Collection/Dragon"
"Dragon","Jupitermon","","6-938","God +","60","7","202","167","171","162","Dragon","N/A","Ultimate","Large Skill Boost","19","Knight Support","4","https://digimon.fandom.com/wiki/Digimon%20Heroes!/Collection/Dragon"
"Dragon","Jupitermon","","6-938","God +","50","7","202","167","171","162","Dragon","N/A","Ultimate","Large Skill Boost","19","Knight Support","4","https://digimon.fandom.com/wiki/Digimon%20Heroes!/Collection/Dragon"
"Dragon","Jupitermon","","6-938","God +","40","7","202","167","171","162","Dragon","N/A","Ultimate","Large Skill Boost","19","Knight Support","4","https://digimon.fandom.com/wiki/Digimon%20Heroes!/Collection/Dragon"
"Dragon","Bancholeomon","BanchoLeomon","6-956","God","60","7","193","172","180","104","Dragon","N/A","Ultimate","One blow (medium)","8","All Dragon","9","https://digimon.fandom.com/wiki/Digimon%20Heroes!/Collection/Dragon"
"Dragon","Omegamon","","6-974","SP +","70","7","196","180","212","168","Dragon","N/A","Ultimate","Replace (dragon)","5","Large Damage to All","14","https://digimon.fandom.com/wiki/Digimon%20Heroes!/Collection/Dragon"
"Dragon","Blackgabumon","BlackGabumon","6-981","Common","20","5","94","74","101","89","Dragon","N/A","Child","Dragon Drive","4","Wild Boost","7","https://digimon.fandom.com/wiki/Digimon%20Heroes!/Collection/Dragon"
"Dragon","Zekegreymon","ZekeGreymon","6-986","God","60","7","155","217","204","110","Dragon","N/A","Xros Wars","All Dragon","9","Medium Dragon Attack Boost","8","https://digimon.fandom.com/wiki/Digimon%20Heroes!/Collection/Dragon"
"Dragon","Wargreymon","WarGreymon","6-990","King","50","6","126","107","126","100","Dragon","N/A","Ultimate","Extra Large Damage Return","13","Extra-Large Recovery Boost","14","https://digimon.fandom.com/wiki/Digimon%20Heroes!/Collection/Dragon"
"Dragon","Gaioumon vs Zanbamon","","7-009","Legendary Rare","70","7","265","101","300","130","Dragon","Dark","Ultimate/Ultimate","Weaken All Enemies","13","Large Absorption","8","https://digimon.fandom.com/wiki/Digimon%20Heroes!/Collection/Dragon"
"Dragon","Gaioumon vs Zanbamon","","7-010","Legendary Rare","70","7","270","106","305","135","Dragon","Dark","Ultimate/Ultimate","Weaken All Enemies","13","Large Absorption","8","https://digimon.fandom.com/wiki/Digimon%20Heroes!/Collection/Dragon"
"Dragon","Plesiomon","","7-011","SP +","70","7","202","254","259","178","Dragon","N/A","Ultimate","Replace (recovery)","7","Dragon Drive","5","https://digimon.fandom.com/wiki/Digimon%20Heroes!/Collection/Dragon"
"Dragon","Dinorexmon","","7-013","SP +","70","7","195","103","186","145","Dragon","N/A","Ultimate","Enemy Attack Down Medium","8","Nature Seal","4","https://digimon.fandom.com/wiki/Digimon%20Heroes!/Collection/Dragon"
"Dragon","Mastertyranomon","MasterTyranomon","7-016","SP +","70","7","184","174","197","123","Dragon","N/A","Perfect","Medium Dragon Attack Boost","8","Maximum Sacrifice Strike","22","https://digimon.fandom.com/wiki/Digimon%20Heroes!/Collection/Dragon"
"Dragon","Mastertyranomon","MasterTyranomon","7-019","SP +","70","7","189","179","202","128","Dragon","N/A","Perfect","Medium Dragon Attack Boost","8","Maximum Sacrifice Strike","22","https://digimon.fandom.com/wiki/Digimon%20Heroes!/Collection/Dragon"
"Dragon","Dorugoramon","DORUgoramon","7-031","SP +","70","7","221","145","202","197","Dragon","N/A","Ultimate","All blow (somewhat high)","13","Reshuffle (wild)","14","https://digimon.fandom.com/wiki/Digimon%20Heroes!/Collection/Dragon"
"Dragon","Groundramon","","7-032","SP +","70","7","188","201","254","113","Dragon","N/A","Perfect","Evolution 2","7","Dragon Release","7","https://digimon.fandom.com/wiki/Digimon%20Heroes!/Collection/Dragon"
"Dragon","Opossummon","","7-033","SP +","70","7","150","101","131","203","Dragon","N/A","Armor","Enemy Defense Down Large","13","Large Attack Boost","14","https://digimon.fandom.com/wiki/Digimon%20Heroes!/Collection/Dragon"
"Dragon","Ancientgarurumon","AncientGarurumon","7-034","God","60","7","147","141","190","122","Dragon","N/A","Hybrid","Wild Boost","7","Large Absorption","9","https://digimon.fandom.com/wiki/Digimon%20Heroes!/Collection/Dragon"
"Dragon","Grottemon","","7-037","King","50","5","193","125","188","120","Dragon","N/A","Hybrid","Medium Dragon Attack Boost","8","Large Damage to All","15","https://digimon.fandom.com/wiki/Digimon%20Heroes!/Collection/Dragon"
"Dragon","Hisyaryumon","","7-065","SP +","70","7","143","124","208","190","Dragon","N/A","Perfect","All Nine","8","Dragon Release","6","https://digimon.fandom.com/wiki/Digimon%20Heroes!/Collection/Dragon"
"Dragon","Spadamon","","7-067","SP +","70","7","160","173","153","170","Dragon","N/A","Xros Wars","Weaken All Enemies","14","Large Defense Boost","14","https://digimon.fandom.com/wiki/Digimon%20Heroes!/Collection/Dragon"
"Dragon","Bancholeomon","BanchoLeomon","7-070","God","60","7","225","146","169","120","Dragon","N/A","Ultimate","Dragon Drive","4","All Dragon","9","https://digimon.fandom.com/wiki/Digimon%20Heroes!/Collection/Dragon"
"Dragon","Liollmon","","7-072","Uncommon","25","4","134","79","94","89","Dragon","N/A","Child","Recovery Boost 1","5","Small Damage Return","4","https://digimon.fandom.com/wiki/Digimon%20Heroes!/Collection/Dragon"
"Dragon","Liollmon","","7-073","Rare","30","5","144","89","104","99","Dragon","N/A","Child","Recovery Boost 2","7","Small Damage to All","7","https://digimon.fandom.com/wiki/Digimon%20Heroes!/Collection/Dragon"
"Dragon","Loaderliomon","LoaderLiomon","7-074","King","50","5","170","125","154","97","Dragon","N/A","Perfect","Medium Dragon Attack Boost","8","Medium Damage Return","6","https://digimon.fandom.com/wiki/Digimon%20Heroes!/Collection/Dragon"
"Holy","Patamon","","1-109","Common","10","1","21","23","49","25","Holy","N/A","Child","Small Damage Return","5","Small Recovery","6","https://digimon.fandom.com/wiki/Digimon%20Heroes!/Collection/Holy"
"Holy","Tailmon","","1-113","Queen","40","2","67","55","84","57","Holy","N/A","Adult","Medium Recovery","8","Small Skill Boost","15","https://digimon.fandom.com/wiki/Digimon%20Heroes!/Collection/Holy"
"Holy","Angemon","","1-114","Queen","40","3","66","72","92","66","Holy","N/A","Adult","Medium Damage Return","7","Medium Recovery","8","https://digimon.fandom.com/wiki/Digimon%20Heroes!/Collection/Holy"
"Holy","Angewomon","","1-115","King","50","4","91","89","110","81","Holy","N/A","Perfect","Large Recovery","10","Large Holy Attack Boost","14","https://digimon.fandom.com/wiki/Digimon%20Heroes!/Collection/Holy"
"Holy","Holyangemon","HolyAngemon","1-116","Queen","40","4","87","80","104","78","Holy","N/A","Perfect","Large Damage Return","10","Large Recovery","10","https://digimon.fandom.com/wiki/Digimon%20Heroes!/Collection/Holy"
"Holy","Goddramon","","1-117","King","60","5","133","132","166","118","Holy","N/A","Ultimate","Extra Large Holy Attack Boost","18","Extra Large Damage Return","13","https://digimon.fandom.com/wiki/Digimon%20Heroes!/Collection/Holy"
"Holy","Holydramon","","1-118","King","50","5","101","100","122","96","Holy","N/A","Ultimate","Total Recovery","14","All Holy","9","https://digimon.fandom.com/wiki/Digimon%20Heroes!/Collection/Holy"
"Holy","Hououmon","","1-120","Queen","40","6","100","99","120","93","Holy","N/A","Ultimate","Extra Large Holy Defense Boost","18","Dark Seal","4","https://digimon.fandom.com/wiki/Digimon%20Heroes!/Collection/Holy"
"Holy","Terriermon","","2-077","Common","10","2","24","29","53","33","Holy","N/A","Child","Small Recovery Boost","5","Small Holy Attack Boost","7","https://digimon.fandom.com/wiki/Digimon%20Heroes!/Collection/Holy"
"Holy","Nefertimon","","2-079","Queen","30","3","88","89","102","109","Holy","N/A","Armor","Large Damage Return","9","Weaken Dark Enemies","11","https://digimon.fandom.com/wiki/Digimon%20Heroes!/Collection/Holy"
"Holy","Ofanimon","","2-081","King","50","6","104","103","125","107","Holy","N/A","Ultimate","All Healing","7","Weaken Dark Enemies","11","https://digimon.fandom.com/wiki/Digimon%20Heroes!/Collection/Holy"
"Holy","Kudamon","","3-075","Common","10","1","31","24","48","25","Holy","N/A","Child","Holy Drive","5","Small Recovery","6","https://digimon.fandom.com/wiki/Digimon%20Heroes!/Collection/Holy"
"Holy","Sanzomon","","3-077","Queen","40","3","77","82","97","74","Holy","N/A","Perfect","Recovery Boost 1","6","Dark Support","5","https://digimon.fandom.com/wiki/Digimon%20Heroes!/Collection/Holy"
"Holy","Tyilinmon","","3-079","Rare","30","4","75","73","94","62","Holy","N/A","Perfect","Large Damage to All","16","Large Attack Boost","15","https://digimon.fandom.com/wiki/Digimon%20Heroes!/Collection/Holy"
"Holy","Shakamon","","3-081","King","50","5","105","105","120","95","Holy","N/A","Ultimate","Extra Large Damage Return","14","Extreme Elements","10","https://digimon.fandom.com/wiki/Digimon%20Heroes!/Collection/Holy"
"Holy","Huanglongmon","","4-080","King","50","5","106","102","120","94","Holy","N/A","Ultimate","Extra Large Damage to All","20","Extra Large Holy Defense Boost","19","https://digimon.fandom.com/wiki/Digimon%20Heroes!/Collection/Holy"
"Holy","Qinglongmon","","4-081","King","50","4","98","96","118","99","Holy","N/A","Ultimate","All Holy","10","Large Damage to All","16","https://digimon.fandom.com/wiki/Digimon%20Heroes!/Collection/Holy"
"Holy","Angemon & Angewomon","","5-000","God","60","4","64","54","80","54","Holy","Dragon","Perfect/Adult","Enemy Defense Down Large","14","Extra Large Holy Attack Boost","19","https://digimon.fandom.com/wiki/Digimon%20Heroes!/Collection/Holy"
"Holy","Qinglongmon","","5-094","God","60","4","124","136","137","105","Holy","N/A","Ultimate","All Holy","9","Extra Large Damage to All","19","https://digimon.fandom.com/wiki/Digimon%20Heroes!/Collection/Holy"
"Holy","Cherubimon (good)","Cherubimon (Good)","5-143","King","60","6","137","131","119","184","Holy","N/A","Ultimate","Small Skill Boost","14","Extreme Elements","9","https://digimon.fandom.com/wiki/Digimon%20Heroes!/Collection/Holy"
"Holy","Valkyrimon","","5-152","King","60","5","121","156","100","63","Holy","N/A","Ultimate","Extra Large Nature Defense Boost","17","All Nine","8","https://digimon.fandom.com/wiki/Digimon%20Heroes!/Collection/Holy"
"Holy","Goddramon","","5-217","SP","60","5","168","153","215","176","Holy","N/A","Ultimate","Extra Large Holy Attack Boost","17","All Holy","8","https://digimon.fandom.com/wiki/Digimon%20Heroes!/Collection/Holy"
"Holy","Huanglongmon","","5-230","King","50","5","147","240","140","214","Holy","N/A","Ultimate","Extra Large Damage to All","19","Weaken Dark Enemies","11","https://digimon.fandom.com/wiki/Digimon%20Heroes!/Collection/Holy"
"Holy","Ofanimon","","5-240","God","60","5","127","117","150","110","Holy","N/A","Ultimate","All Healing","7","25% Defense","9","https://digimon.fandom.com/wiki/Digimon%20Heroes!/Collection/Holy"
"Holy","Lopmon","","5-245","Common","10","2","38","51","52","29","Holy","N/A","Child","Enemy Attack Down Small","7","Evolution 1","6","https://digimon.fandom.com/wiki/Digimon%20Heroes!/Collection/Holy"
"Holy","Andiramon","","5-246","Uncommon","30","4","105","95","81","45","Holy","N/A","Perfect","25% Defense","10","All Nine","10","https://digimon.fandom.com/wiki/Digimon%20Heroes!/Collection/Holy"
"Holy","Shakamon","","5-290","SP","60","5","143","189","192","128","Holy","N/A","Ultimate","Small Skill Boost","14","Extreme Elements","9","https://digimon.fandom.com/wiki/Digimon%20Heroes!/Collection/Holy"
"Holy","Angewomon","","5-318","King","50","4","94","97","119","88","Holy","N/A","Perfect","Large Recovery","9","Large Holy Attack Boost","13","https://digimon.fandom.com/wiki/Digimon%20Heroes!/Collection/Holy"
"Holy","Ofanimon","","5-364","SP","60","5","142","150","162","191","Holy","N/A","Ultimate","All Healing","7","Weaken All Enemies","14","https://digimon.fandom.com/wiki/Digimon%20Heroes!/Collection/Holy"
"Holy","Qinglongmon","","5-372","SP","60","4","154","172","157","145","Holy","N/A","Ultimate","All Holy","9","Extra Large Damage to All","19","https://digimon.fandom.com/wiki/Digimon%20Heroes!/Collection/Holy"
"Holy","Valkyrimon","","5-401","SP","60","5","128","184","112","84","Holy","N/A","Ultimate","Maximum Nature Defense Boost","21","All Nine","8","https://digimon.fandom.com/wiki/Digimon%20Heroes!/Collection/Holy"
"Holy","Ofanimon","","5-421","SP","60","5","142","150","162","191","Holy","N/A","Ultimate","Super-Maximum Shield CherubimonEvil","6","Weaken All Enemies","14","https://digimon.fandom.com/wiki/Digimon%20Heroes!/Collection/Holy"
"Holy","Shakamon","","5-427","SP","60","5","143","189","192","128","Holy","N/A","Ultimate","Small Skill Boost","14","Extreme Elements","9","https://digimon.fandom.com/wiki/Digimon%20Heroes!/Collection/Holy"
"Holy","Qinglongmon","","5-432","King","60","4","154","172","157","142","Holy","N/A","Ultimate","Maximum Skill Boost Huanglongmon","9","Extra Large Damage to All","19","https://digimon.fandom.com/wiki/Digimon%20Heroes!/Collection/Holy"
"Holy","Jupitermon","","5-491","God +","40","7","202","167","171","162","Holy","N/A","Ultimate","Large Skill Boost","19","Dark Support","4","https://digimon.fandom.com/wiki/Digimon%20Heroes!/Collection/Holy"
"Holy","Jupitermon","","5-491","God +","60","7","202","167","171","162","Holy","N/A","Ultimate","Large Skill Boost","19","Dark Support","4","https://digimon.fandom.com/wiki/Digimon%20Heroes!/Collection/Holy"
"Holy","Jupitermon","","5-491","God +","50","7","202","167","171","162","Holy","N/A","Ultimate","Large Skill Boost","19","Dark Support","4","https://digimon.fandom.com/wiki/Digimon%20Heroes!/Collection/Holy"
"Holy","Cherubimon (good)","Cherubimon (Good)","5-521","SP","60","6","144","158","132","194","Holy","N/A","Ultimate","Large Skill Boost","19","Extreme Elements","9","https://digimon.fandom.com/wiki/Digimon%20Heroes!/Collection/Holy"
"Holy","Cherubimon (good)","Cherubimon (Good)","5-522","SP","60","6","144","158","132","194","Holy","N/A","Ultimate","Maximum Delay Attack CherubimonEvil","14","Extreme Elements","9","https://digimon.fandom.com/wiki/Digimon%20Heroes!/Collection/Holy"
"Holy","Angewomon","","5-534","King","50","4","91","89","110","81","Holy","N/A","Perfect","Large Recovery","10","Large Holy Attack Boost","14","https://digimon.fandom.com/wiki/Digimon%20Heroes!/Collection/Holy"
"Holy","Holydramon","","5-558","SP +","60","5","167","152","161","144","Holy","N/A","Ultimate","Total Recovery","14","All Holy","9","https://digimon.fandom.com/wiki/Digimon%20Heroes!/Collection/Holy"
"Holy","Seraphimon","","5-559","SP +","60","5","137","207","148","132","Holy","N/A","Ultimate","Extra Large Damage to All","19","Extra Large Holy Attack Boost","18","https://digimon.fandom.com/wiki/Digimon%20Heroes!/Collection/Holy"
"Holy","Shakkoumon","","5-563","King","50","3","118","141","151","99","Holy","N/A","Perfect","Large Attack Boost","15","Holy Release","8","https://digimon.fandom.com/wiki/Digimon%20Heroes!/Collection/Holy"
"Holy","Hououmon","","5-590","SP +","60","7","172","182","208","165","Holy","N/A","Ultimate","Extra Large Holy Defense Boost","18","Dark Seal","4","https://digimon.fandom.com/wiki/Digimon%20Heroes!/Collection/Holy"
"Holy","Aegiomon","","5-656","Queen","20","2","59","58","64","36","Holy","N/A","Adult","Large Attack Boost","15","Dragon Release","8","https://digimon.fandom.com/wiki/Digimon%20Heroes!/Collection/Holy"
"Holy","Valdurmon","","5-836","SP +","60","7","242","168","201","138","Holy","N/A","Ultimate","Large Damage Return","9","Weaken Dark Enemies","11","https://digimon.fandom.com/wiki/Digimon%20Heroes!/Collection/Holy"
"Holy","Hippogriffomon","","5-848","God","60","6","211","140","162","135","Holy","N/A","Perfect","Large Damage Return","9","Large Attack Boost","14","https://digimon.fandom.com/wiki/Digimon%20Heroes!/Collection/Holy"
"Holy","Sakuyamon (Miko)","","5-887","SP +","70","7","170","156","166","158","Holy","N/A","Ultimate","25% Defense","8","Extra Large Attack Boost","20","https://digimon.fandom.com/wiki/Digimon%20Heroes!/Collection/Holy"
"Holy","Kuzuhamon","","5-888","SP +","70","7","200","159","170","150","Holy","N/A","Ultimate","Medium Damage to All","11","Extra Large Defense Boost","21","https://digimon.fandom.com/wiki/Digimon%20Heroes!/Collection/Holy"
"Holy","Slashangemon","SlashAngemon","5-889","SP +","70","7","180","153","204","145","Holy","N/A","Ultimate","Evolution 1","5","Dark Seal","4","https://digimon.fandom.com/wiki/Digimon%20Heroes!/Collection/Holy"
"Holy","Karatenmon","","5-890","SP +","70","7","164","180","157","127","Holy","N/A","Perfect","Nature Drive","3","Medium Recovery","6","https://digimon.fandom.com/wiki/Digimon%20Heroes!/Collection/Holy"
"Holy","Asuramon","","5-895","God","60","5","202","133","151","136","Holy","N/A","Perfect","Large Damage to All","15","Medium Holy Attack Boost","8","https://digimon.fandom.com/wiki/Digimon%20Heroes!/Collection/Holy"
"Holy","Kyubimon","","5-896","Queen","40","4","135","153","118","126","Holy","N/A","Adult","Recovery Boost 2","7","Large Attack Boost","14","https://digimon.fandom.com/wiki/Digimon%20Heroes!/Collection/Holy"
"Holy","Siesamon","","5-898","Queen","40","4","144","118","148","132","Holy","N/A","Adult","Enemy Defense Down Large","13","Holy Release","7","https://digimon.fandom.com/wiki/Digimon%20Heroes!/Collection/Holy"
"Holy","Picklemon","","5-899","King","50","5","188","128","99","151","Holy","N/A","Perfect","Recovery Boost 2","7","Small Absorption","5","https://digimon.fandom.com/wiki/Digimon%20Heroes!/Collection/Holy"
"Holy","Gankoomon","","5-989","SP +","70","7","202","193","200","115","Holy","N/A","Ultimate","Evolution 1","5","All Holy","9","https://digimon.fandom.com/wiki/Digimon%20Heroes!/Collection/Holy"
"Holy","Angewomon","","6-040","God","60","6","172","138","177","145","Holy","N/A","Perfect","Large Recovery","9","Weaken Dark Enemies","11","https://digimon.fandom.com/wiki/Digimon%20Heroes!/Collection/Holy"
"Holy","Anubimon","","6-069","God","60","6","166","135","172","165","Holy","N/A","Ultimate","Medium Recovery","7","Big Enemy Attack Delay","14","https://digimon.fandom.com/wiki/Digimon%20Heroes!/Collection/Holy"
"Holy","Clavisangemon","ClavisAngemon","6-070","SP +","70","7","186","203","166","149","Holy","N/A","Ultimate","Recovery Boost 2","7","75% Defense","16","https://digimon.fandom.com/wiki/Digimon%20Heroes!/Collection/Holy"
"Holy","Mistymon","","6-072","SP +","70","7","188","165","211","158","Holy","N/A","Perfect","Extra Large Holy Attack Boost","18","All Holy","9","https://digimon.fandom.com/wiki/Digimon%20Heroes!/Collection/Holy"
"Holy","Raijinmon","","6-102","SP +","70","7","222","147","199","136","Holy","N/A","Ultimate","All Holy","9","Extra Large Damage to All","19","https://digimon.fandom.com/wiki/Digimon%20Heroes!/Collection/Holy"
"Holy","Terriermon","","6-121","Queen","40","4","132","118","143","114","Holy","N/A","Child","Large Recovery","9","Extra Large Holy Attack Boost","18","https://digimon.fandom.com/wiki/Digimon%20Heroes!/Collection/Holy"
"Holy","Tinkermon","","6-154","Rare","30","3","135","94","99","109","Holy","N/A","Child","All Nine","9","Small Skill Boost","14","https://digimon.fandom.com/wiki/Digimon%20Heroes!/Collection/Holy"
"Holy","Goldnumemon","GoldNumemon","6-186","King","50","7","134","199","150","137","Holy","N/A","Ultimate","Evolution 1","5","Evolution 1","5","https://digimon.fandom.com/wiki/Digimon%20Heroes!/Collection/Holy"
"Holy","Platinum Numemon","PlatinumNumemon","6-187","King","50","7","121","105","144","173","Holy","N/A","Ultimate","Evolution 1","5","Evolution 1","5","https://digimon.fandom.com/wiki/Digimon%20Heroes!/Collection/Holy"
"Holy","Darcmon","","6-217","Queen","60","7","191","181","171","141","Holy","N/A","Adult","Medium Holy Attack Boost","8","Holy Drive","4","https://digimon.fandom.com/wiki/Digimon%20Heroes!/Collection/Holy"
"Holy","Qinglongmon","","6-218","SP +","70","7","165","101","300","121","Holy","N/A","Ultimate","Enemy Attack Down Extra Large","18","Wild Boost","7","https://digimon.fandom.com/wiki/Digimon%20Heroes!/Collection/Holy"
"Holy","Gargomon","","6-222","Queen","40","4","113","130","124","114","Holy","N/A","Armor","All Holy","9","Medium Recovery","7","https://digimon.fandom.com/wiki/Digimon%20Heroes!/Collection/Holy"
"Holy","Goddramon","","6-229","God +","60","7","155","154","199","115","Holy","N/A","Ultimate","Large Defense Boost","13","Extra Large Attack Boost","20","https://digimon.fandom.com/wiki/Digimon%20Heroes!/Collection/Holy"
"Holy","Holydramon","","6-230","God +","60","7","167","114","201","188","Holy","N/A","Ultimate","Large Skill Boost","19","Total Weaken All Enemies","19","https://digimon.fandom.com/wiki/Digimon%20Heroes!/Collection/Holy"
"Holy","Aegiomon","","6-331","Queen","30","2","97","87","99","76","Holy","N/A","Adult","Enemy Attack Down Large","13","Evolution 1","5","https://digimon.fandom.com/wiki/Digimon%20Heroes!/Collection/Holy"
"Holy","Qinglongmon","","6-367","SP +","70","7","194","153","188","200","Holy","N/A","Ultimate","Big Enemy Attack Delay","14","All Nine","9","https://digimon.fandom.com/wiki/Digimon%20Heroes!/Collection/Holy"
"Holy","Mihiramon","","6-375","King","50","5","129","165","136","116","Holy","N/A","Perfect","Medium Recovery Boost","6","Large Absorption","9","https://digimon.fandom.com/wiki/Digimon%20Heroes!/Collection/Holy"
"Holy","Majiramon","","6-376","King","50","5","173","125","180","123","Holy","N/A","Perfect","Small Defense Boost","6","Weaken All Enemies","15","https://digimon.fandom.com/wiki/Digimon%20Heroes!/Collection/Holy"
"Holy","Tyilinmon","","6-377","God","60","7","161","153","160","128","Holy","N/A","Perfect","Medium Recovery Boost","6","All Healing","7","https://digimon.fandom.com/wiki/Digimon%20Heroes!/Collection/Holy"
"Holy","Terriermon","","6-399","God","40","7","99","138","113","201","Holy","N/A","Child","Dark Support","4","Dark Seal","4","https://digimon.fandom.com/wiki/Digimon%20Heroes!/Collection/Holy"
"Holy","Lucemon","","6-407","Rare","30","5","118","69","104","131","Holy","N/A","Child","All Healing","7","Dark Support","4","https://digimon.fandom.com/wiki/Digimon%20Heroes!/Collection/Holy"
"Holy","Kinkakumon","","6-451","King","50","5","134","163","120","132","Holy","N/A","Adult","Weaken Dark Enemies","11","Medium Attack Boost","7","https://digimon.fandom.com/wiki/Digimon%20Heroes!/Collection/Holy"
"Holy","Patamon","","6-467","God +","10","2","21","23","49","25","Holy","N/A","Child","Dark Support","5","Recovery Boost 1","6","https://digimon.fandom.com/wiki/Digimon%20Heroes!/Collection/Holy"
"Holy","Lopmon","","6-469","God +","10","2","38","51","52","29","Holy","N/A","Child","Small Holy Defense Boost","7","All blow (low)","7","https://digimon.fandom.com/wiki/Digimon%20Heroes!/Collection/Holy"
"Holy","Plotmon","","6-474","God +","10","2","23","42","34","25","Holy","N/A","Child","Recovery Boost 2","8","Small Holy Attack Boost","7","https://digimon.fandom.com/wiki/Digimon%20Heroes!/Collection/Holy"
"Holy","Dynasmon","","6-510","SP +","70","7","214","161","192","139","Holy","N/A","Ultimate","Large Absorption","9","Wild Boost","7","https://digimon.fandom.com/wiki/Digimon%20Heroes!/Collection/Holy"
"Holy","Magnamon","","6-511","SP +","70","7","124","220","157","116","Holy","N/A","Armor","All Attack","4","Evolution 2","7","https://digimon.fandom.com/wiki/Digimon%20Heroes!/Collection/Holy"
"Holy","Indaramon","","6-512","SP +","70","7","199","178","218","132","Holy","N/A","Ultimate","Medium Holy Defense Boost","8","Medium Holy Attack Boost","8","https://digimon.fandom.com/wiki/Digimon%20Heroes!/Collection/Holy"
"Holy","Kyubimon","","6-513","God +","60","7","123","109","137","118","Holy","N/A","Adult","Small Absorption","5","Evolution 2","7","https://digimon.fandom.com/wiki/Digimon%20Heroes!/Collection/Holy"
"Holy","Sandiramon","","6-514","God +","60","7","156","176","161","108","Holy","N/A","Perfect","Medium Damage to All","10","Medium Recovery","6","https://digimon.fandom.com/wiki/Digimon%20Heroes!/Collection/Holy"
"Holy","Zhuqiaomon","","6-515","God +","60","7","203","144","134","131","Holy","N/A","Ultimate","Enemy Attack Down Medium","8","Extreme Elements","9","https://digimon.fandom.com/wiki/Digimon%20Heroes!/Collection/Holy"
"Holy","Dukemon: Crimsonmode","Dukemon: Crimson Mode","6-516","God +","60","7","202","116","171","102","Holy","N/A","Ultimate","Large Holy Attack Boost","12","All Nine","8","https://digimon.fandom.com/wiki/Digimon%20Heroes!/Collection/Holy"
"Holy","Goddramon","","6-518","God","60","7","167","170","143","132","Holy","N/A","Ultimate","Holy Drive","4","Total Recovery","14","https://digimon.fandom.com/wiki/Digimon%20Heroes!/Collection/Holy"
"Holy","Holydramon","","6-533","God +","60","7","167","114","201","188","Holy","N/A","Ultimate","Large Skill Boost","19","Total Weaken All Enemies","19","https://digimon.fandom.com/wiki/Digimon%20Heroes!/Collection/Holy"
"Holy","Dynasmon","","6-536","SP +","70","7","214","161","192","139","Holy","N/A","Ultimate","Large Absorption","9","Wild Boost","7","https://digimon.fandom.com/wiki/Digimon%20Heroes!/Collection/Holy"
"Holy","Magnamon","","6-537","SP +","70","7","124","220","157","116","Holy","N/A","Armor","All Attack","4","Evolution 2","7","https://digimon.fandom.com/wiki/Digimon%20Heroes!/Collection/Holy"
"Holy","Indaramon","","6-538","SP +","70","7","199","178","218","132","Holy","N/A","Ultimate","Medium Holy Defense Boost","8","Medium Holy Attack Boost","8","https://digimon.fandom.com/wiki/Digimon%20Heroes!/Collection/Holy"
"Holy","Dukemon","","6-540","God +","60","7","179","161","193","101","Holy","N/A","Ultimate","Holy Release","7","Evolution 1","5","https://digimon.fandom.com/wiki/Digimon%20Heroes!/Collection/Holy"
"Holy","Darcmon","","6-543","SP +","70","7","154","119","134","131","Holy","N/A","Adult","All Holy","9","Evolution 2","7","https://digimon.fandom.com/wiki/Digimon%20Heroes!/Collection/Holy"
"Holy","Susanoomon","","6-563","SP +","70","7","214","175","240","108","Holy","N/A","Ultimate","Large Holy Attack Boost","13","Evolution 2","7","https://digimon.fandom.com/wiki/Digimon%20Heroes!/Collection/Holy"
"Holy","Lucemon","","6-566","God +","60","7","124","121","103","157","Holy","N/A","Child","All Holy","9","Evolution 1","5","https://digimon.fandom.com/wiki/Digimon%20Heroes!/Collection/Holy"
"Holy","Goddramon","","6-577","God +","60","7","155","154","199","115","Holy","N/A","Ultimate","Large Defense Boost","13","Extra Large Attack Boost","20","https://digimon.fandom.com/wiki/Digimon%20Heroes!/Collection/Holy"
"Holy","Qinglongmon","","6-580","God","60","4","124","136","137","105","Holy","N/A","Ultimate","All Holy","9","Extra Large Damage to All","19","https://digimon.fandom.com/wiki/Digimon%20Heroes!/Collection/Holy"
"Holy","Valkyrimon","","6-585","SP +","70","7","115","177","136","189","Holy","N/A","Ultimate","Medium Holy Attack Boost","7","Large Recovery","8","https://digimon.fandom.com/wiki/Digimon%20Heroes!/Collection/Holy"
"Holy","Sleipmon","","6-586","SP +","70","7","173","162","204","140","Holy","N/A","Ultimate","Weaken Dark Enemies","11","All Nine","9","https://digimon.fandom.com/wiki/Digimon%20Heroes!/Collection/Holy"
"Holy","Anubimon","","6-587","God","60","7","131","180","156","202","Holy","N/A","Ultimate","Large Holy Attack Boost","13","Holy Release","7","https://digimon.fandom.com/wiki/Digimon%20Heroes!/Collection/Holy"
"Holy","Nefertimon","","6-589","Queen","40","4","114","128","131","121","Holy","N/A","Armor","Dark Support","4","All Healing","7","https://digimon.fandom.com/wiki/Digimon%20Heroes!/Collection/Holy"
"Holy","Sethmon","","6-594","Queen","40","4","134","134","170","145","Holy","N/A","Armor","All Attack","5","Large Absorption","10","https://digimon.fandom.com/wiki/Digimon%20Heroes!/Collection/Holy"
"Holy","Holsmon","","6-595","Queen","40","4","123","102","150","94","Holy","N/A","Armor","Small Enemy Attack Delay","9","Enemy Attack Down Small","6","https://digimon.fandom.com/wiki/Digimon%20Heroes!/Collection/Holy"
"Holy","Angewomon","","6-615","SP +","70","7","165","173","188","152","Holy","N/A","Perfect","All Holy","9","Total Recovery","14","https://digimon.fandom.com/wiki/Digimon%20Heroes!/Collection/Holy"
"Holy","Tinkermon","","6-621","Queen","40","4","140","108","110","124","Holy","N/A","Child","Holy Drive","4","Small Holy Defense Boost","6","https://digimon.fandom.com/wiki/Digimon%20Heroes!/Collection/Holy"
"Holy","Cutemon","","6-623","Rare","30","5","98","87","94","106","Holy","N/A","Xros Wars","Holy Drive","4","Wild Boost","7","https://digimon.fandom.com/wiki/Digimon%20Heroes!/Collection/Holy"
"Holy","Sakuyamon","","6-624","God","60","7","151","140","154","172","Holy","N/A","Ultimate","Enemy Defense Down Medium","8","Weaken Dark Enemies","11","https://digimon.fandom.com/wiki/Digimon%20Heroes!/Collection/Holy"
"Holy","Ofanimon","","6-625","God","60","7","149","138","172","136","Holy","N/A","Ultimate","Holy Release","7","Large Absorption","9","https://digimon.fandom.com/wiki/Digimon%20Heroes!/Collection/Holy"
"Holy","Angewomon","","6-628","God","60","7","123","162","154","143","Holy","N/A","Perfect","Medium Recovery","7","Evolution 1","5","https://digimon.fandom.com/wiki/Digimon%20Heroes!/Collection/Holy"
"Holy","Mervamon","","6-649","SP +","70","7","186","143","145","184","Holy","N/A","Xros Wars","Weaken Dark Enemies","11","Evolution 2","7","https://digimon.fandom.com/wiki/Digimon%20Heroes!/Collection/Holy"
"Holy","Venusmon","","6-650","SP +","70","7","129","201","165","205","Holy","N/A","Ultimate","Holy Release","7","Large Recovery","9","https://digimon.fandom.com/wiki/Digimon%20Heroes!/Collection/Holy"
"Holy","Huanglongmon","","6-681","King","50","5","106","102","120","94","Holy","N/A","Ultimate","Extra Large Damage to All","20","Extra Large Holy Defense Boost","19","https://digimon.fandom.com/wiki/Digimon%20Heroes!/Collection/Holy"
"Holy","Andiramon","","6-688","King","50","5","137","151","174","150","Holy","N/A","Perfect","Dark Seal","4","Recovery Boost 2","7","https://digimon.fandom.com/wiki/Digimon%20Heroes!/Collection/Holy"
"Holy","Plotmon","","6-692","God","10","2","23","42","34","25","Holy","N/A","Child","Recovery Boost 2","8","Small Holy Attack Boost","7","https://digimon.fandom.com/wiki/Digimon%20Heroes!/Collection/Holy"
"Holy","Kuzuhamon","","6-693","SP +","70","7","205","164","174","155","Holy","N/A","Ultimate","Medium Damage to All","11","Extra Large Defense Boost","21","https://digimon.fandom.com/wiki/Digimon%20Heroes!/Collection/Holy"
"Holy","Quetzalmon","","6-729","Queen","40","4","98","121","132","144","Holy","N/A","Armor","Medium Holy Defense Boost","8","Small Absorption","5","https://digimon.fandom.com/wiki/Digimon%20Heroes!/Collection/Holy"
"Holy","Marinangemon","MarinAngemon","6-734","God +","60","7","93","122","101","135","Holy","N/A","Ultimate","Large Holy Defense Boost","13","Holy Drive","4","https://digimon.fandom.com/wiki/Digimon%20Heroes!/Collection/Holy"
"Holy","Sistermon Blanc","","6-778","God","60","7","97","160","134","187","Holy","N/A","Child","Recovery Boost 1","5","Large Recovery","9","https://digimon.fandom.com/wiki/Digimon%20Heroes!/Collection/Holy"
"Holy","Sistermon Blanc","","6-814","God","60","7","107","162","144","197","Holy","N/A","Child","Recovery Boost 1","5","Large Recovery","9","https://digimon.fandom.com/wiki/Digimon%20Heroes!/Collection/Holy"
"Holy","Yggdrasil 7D6","","6-833","God","60","7","156","159","123","193","Holy","N/A","Ultimate","Large Attack Boost","14","Wild Boost","7","https://digimon.fandom.com/wiki/Digimon%20Heroes!/Collection/Holy"
"Holy","Yggdrasil 7D6","","6-834","God +","60","7","162","168","133","195","Holy","N/A","Ultimate","Enemy Attack Down Large","13","Evolution 1","5","https://digimon.fandom.com/wiki/Digimon%20Heroes!/Collection/Holy"
"Holy","Yggdrasil 7D6","","6-835","God","60","7","161","162","127","196","Holy","N/A","Ultimate","Large Attack Boost","14","Wild Boost","7","https://digimon.fandom.com/wiki/Digimon%20Heroes!/Collection/Holy"
"Holy","Yggdrasil 7D6","","6-836","God +","60","7","164","173","138","198","Holy","N/A","Ultimate","Enemy Attack Down Large","13","Evolution 1","5","https://digimon.fandom.com/wiki/Digimon%20Heroes!/Collection/Holy"
"Holy","Minervamon","","6-850","SP +","70","7","191","138","165","154","Holy","N/A","Ultimate","Small Skill Boost","14","Replace (recovery)","6","https://digimon.fandom.com/wiki/Digimon%20Heroes!/Collection/Holy"
"Holy","Shoutmon DX","","6-851","SP +","70","7","189","202","172","111","Holy","N/A","Xros Wars","Small Enemy Attack Delay","9","All Holy","9","https://digimon.fandom.com/wiki/Digimon%20Heroes!/Collection/Holy"
"Holy","Petermon","","6-852","SP +","70","7","176","118","151","216","Holy","N/A","Adult","All Nine","9","High KO Enemy","18","https://digimon.fandom.com/wiki/Digimon%20Heroes!/Collection/Holy"
"Holy","Aegiochusmon Holy","","6-853","King","50","5","114","127","123","172","Holy","N/A","Perfect","Medium Recovery","7","Medium Defense Boost","7","https://digimon.fandom.com/wiki/Digimon%20Heroes!/Collection/Holy"
"Holy","Aegiochusmon Holy","","6-854","God","60","7","133","142","134","190","Holy","N/A","Perfect","Large Recovery","9","Holy Release","7","https://digimon.fandom.com/wiki/Digimon%20Heroes!/Collection/Holy"
"Holy","Aegiochusmon Holy","","6-855","God +","60","7","140","153","137","197","Holy","N/A","Perfect","Total Recovery","14","Replace (holy)","6","https://digimon.fandom.com/wiki/Digimon%20Heroes!/Collection/Holy"
"Holy","Bakumon","","6-871","SP +","40","4","108","129","113","104","Holy","N/A","Child","Small Holy Defense Boost","7","Small Absorption","6","https://digimon.fandom.com/wiki/Digimon%20Heroes!/Collection/Holy"
"Holy","Sanzomon","","6-873","God","70","7","191","138","171","188","Holy","N/A","Perfect","Reshuffle (holy)","5","All Nine","8","https://digimon.fandom.com/wiki/Digimon%20Heroes!/Collection/Holy"
"Holy","Jupitermon: Wrathmode","Jupitermon: Wrath Mode","6-891","Legendary Rare","70","7","228","156","242","165","Holy","N/A","Ultimate","Extreme Elements","9","Replace (wild)","7","https://digimon.fandom.com/wiki/Digimon%20Heroes!/Collection/Holy"
"Holy","Jupitermon: Wrathmode","Jupitermon: Wrath Mode","6-892","Legendary Rare","70","7","233","161","247","171","Holy","N/A","Ultimate","Extreme Elements","9","Replace (wild)","7","https://digimon.fandom.com/wiki/Digimon%20Heroes!/Collection/Holy"
"Holy","Ofanimon","","6-919","SP","60","5","148","154","167","193","Holy","N/A","Ultimate","Super-Maximum Shield Special","6","Weaken All Enemies","14","https://digimon.fandom.com/wiki/Digimon%20Heroes!/Collection/Holy"
"Holy","Junomon","","6-933","SP +","70","7","153","197","178","231","Holy","N/A","Ultimate","Total Recovery","13","Evolution 2","6","https://digimon.fandom.com/wiki/Digimon%20Heroes!/Collection/Holy"
"Holy","Apollomon","","6-934","SP +","70","7","193","128","213","155","Holy","N/A","Ultimate","All Nine","9","Medium Damage to All","11","https://digimon.fandom.com/wiki/Digimon%20Heroes!/Collection/Holy"
"Holy","Junomon","","6-951","SP +","70","7","158","202","183","236","Holy","N/A","Ultimate","Total Recovery","13","Evolution 2","6","https://digimon.fandom.com/wiki/Digimon%20Heroes!/Collection/Holy"
"Holy","Angewomon","","6-966","God","60","7","143","147","154","175","Holy","N/A","Perfect","Reshuffle (recovery)","6","Small Skill Boost","14","https://digimon.fandom.com/wiki/Digimon%20Heroes!/Collection/Holy"
"Holy","Angewomon","","6-967","God","60","7","148","152","159","180","Holy","N/A","Perfect","Reshuffle (recovery)","6","Small Skill Boost","14","https://digimon.fandom.com/wiki/Digimon%20Heroes!/Collection/Holy"
"Holy","Angewomon vs Ladydevimon","Angewomon vs LadyDevimon","6-984","Legendary Rare","70","7","190","186","176","221","Holy","Dark","Perfect/Perfect","All Nine","8","Extreme Elements","8","https://digimon.fandom.com/wiki/Digimon%20Heroes!/Collection/Holy"
"Holy","Angewomon vs Ladydevimon","Angewomon vs LadyDevimon","6-985","Legendary Rare","70","7","195","191","181","226","Holy","Dark","Perfect/Perfect","All Nine","8","Extreme Elements","8","https://digimon.fandom.com/wiki/Digimon%20Heroes!/Collection/Holy"
"Holy","Ancientirismon","AncientIrismon","7-035","King","50","5","102","122","145","156","Holy","N/A","Hybrid","Weaken All Enemies","13","Dark Seal","3","https://digimon.fandom.com/wiki/Digimon%20Heroes!/Collection/Holy"
"Holy","Chaosmon","","7-068","God +","60","7","159","129","193","141","Holy","N/A","Ultimate","Dark Support","3","Holy Drive","3","https://digimon.fandom.com/wiki/Digimon%20Heroes!/Collection/Holy"
"Holy","Chaosmon","","7-069","God +","60","7","169","139","203","158","Holy","N/A","Ultimate","Dark Support","3","Holy Drive","3","https://digimon.fandom.com/wiki/Digimon%20Heroes!/Collection/Holy"
"Knight","Hagurumon","","1-029","Common","10","1","26","29","48","19","Machine","N/A","Child","Small Defense Boost","6","Small Damage Return","5","https://digimon.fandom.com/wiki/Digimon%20Heroes!/Collection/Knight"
"Knight","Kokuwamon","","1-030","Common","20","2","37","34","51","24","Machine","N/A","Child","Small Damage to All","8","Recovery Boost 1","6","https://digimon.fandom.com/wiki/Digimon%20Heroes!/Collection/Knight"
"Knight","Revolmon","","1-036","Rare","30","3","151","138","99","101","Machine","N/A","Adult","Knight Drive","4","Recovery Boost 2","7","https://digimon.fandom.com/wiki/Digimon%20Heroes!/Collection/Knight"
"Knight","Tankmon","","1-037","Uncommon","20","3","60","63","76","49","Machine","N/A","Adult","Medium Damage Return","7","Knight Drive","5","https://digimon.fandom.com/wiki/Digimon%20Heroes!/Collection/Knight"
"Knight","Guardromon","","1-038","Uncommon","20","3","53","70","75","45","Machine","N/A","Adult","Medium Defense Boost","8","Small Skill Boost","15","https://digimon.fandom.com/wiki/Digimon%20Heroes!/Collection/Knight"
"Knight","Knightmon","","1-041","Rare","30","4","81","82","97","80","Machine","N/A","Perfect","Large Damage Return","10","Large Defense Boost","15","https://digimon.fandom.com/wiki/Digimon%20Heroes!/Collection/Knight"
"Knight","Andromon","","1-042","Rare","30","4","32","80","96","68","Machine","N/A","Perfect","Large Defense Boost","15","Evolution 1","6","https://digimon.fandom.com/wiki/Digimon%20Heroes!/Collection/Knight"
"Knight","Mugendramon","","1-047","King","50","7","110","114","124","90","Machine","N/A","Ultimate","Large Absorption","9","Large Defense Boost","14","https://digimon.fandom.com/wiki/Digimon%20Heroes!/Collection/Knight"
"Knight","Kotemon","","2-021","Common","10","2","25","44","51","24","Machine","N/A","Child","Small Damage Return","5","Knight Drive","5","https://digimon.fandom.com/wiki/Digimon%20Heroes!/Collection/Knight"
"Knight","Gargomon","","2-024","Uncommon","20","3","56","67","72","38","Machine","N/A","Adult","Evolution 1","6","Medium Recovery Boost","7","https://digimon.fandom.com/wiki/Digimon%20Heroes!/Collection/Knight"
"Knight","Rapidmon","","2-030","Uncommon","20","3","59","66","74","37","Machine","N/A","Armor","Evolution 2","8","Recovery Boost 1","6","https://digimon.fandom.com/wiki/Digimon%20Heroes!/Collection/Knight"
"Knight","Seraphimon","","2-037","King","50","5","96","101","122","102","Machine","N/A","Ultimate","Extra Large Damage Return","13","Extra Large Knight Attack Boost","18","https://digimon.fandom.com/wiki/Digimon%20Heroes!/Collection/Knight"
"Knight","Blackmetalgarurumon","BlackMetalGarurumon","2-041","Queen","40","5","93","105","110","68","Machine","N/A","Ultimate","Extra Large Damage to All","20","Extra Large Knight Defense Boost","19","https://digimon.fandom.com/wiki/Digimon%20Heroes!/Collection/Knight"
"Knight","Toyagumon","ToyAgumon","3-021","Common","10","1","21","29","46","20","Machine","N/A","Child","Small Damage to All","8","Small Defense Boost","6","https://digimon.fandom.com/wiki/Digimon%20Heroes!/Collection/Knight"
"Knight","Magnamon","","3-022","Queen","50","2","118","118","123","92","Machine","N/A","Armor","Large Attack Boost","14","Medium Damage to All","11","https://digimon.fandom.com/wiki/Digimon%20Heroes!/Collection/Knight"
"Knight","Mechanorimon","","3-024","Uncommon","20","2","50","60","66","33","Machine","N/A","Adult","Medium Damage to All","12","Medium Defense Boost","8","https://digimon.fandom.com/wiki/Digimon%20Heroes!/Collection/Knight"
"Knight","Giromon","","3-025","Rare","30","3","76","70","90","67","Machine","N/A","Perfect","Large Damage Return","10","All Attack","5","https://digimon.fandom.com/wiki/Digimon%20Heroes!/Collection/Knight"
"Knight","Megadramon","","3-028","Uncommon","30","3","168","72","88","59","Machine","N/A","Perfect","Extra Large Damage Return","13","Knight Release","7","https://digimon.fandom.com/wiki/Digimon%20Heroes!/Collection/Knight"
"Knight","Craniummon","","3-031","King","50","5","101","103","110","71","Machine","N/A","Ultimate","Extra Large Defense Boost","22","Large Recovery","10","https://digimon.fandom.com/wiki/Digimon%20Heroes!/Collection/Knight"
"Knight","Justimon","","3-033","King","50","5","103","102","123","103","Machine","N/A","Ultimate","Extra Large Damage to All","19","Evolution 1","5","https://digimon.fandom.com/wiki/Digimon%20Heroes!/Collection/Knight"
"Knight","Saintgargomon","SaintGargomon","3-034","Queen","40","5","95","100","109","72","Machine","N/A","Ultimate","All Nine","10","Large Skill Boost","20","https://digimon.fandom.com/wiki/Digimon%20Heroes!/Collection/Knight"
"Knight","Yaksamon","","4-024","Uncommon","20","3","58","67","77","41","Machine","N/A","Armor","Medium Damage Return","7","Medium Defense Boost","8","https://digimon.fandom.com/wiki/Digimon%20Heroes!/Collection/Knight"
"Knight","Wolfmon","","4-025","Rare","30","3","85","84","98","58","Machine","N/A","Hybrid","Weaken Nature Enemies","12","Evolution 2","8","https://digimon.fandom.com/wiki/Digimon%20Heroes!/Collection/Knight"
"Knight","Garummon","","4-026","Rare","30","3","80","88","99","70","Machine","N/A","Hybrid","Weaken Nature Enemies","12","Large Absorption","10","https://digimon.fandom.com/wiki/Digimon%20Heroes!/Collection/Knight"
"Knight","Locomon","","4-029","Rare","30","3","61","84","87","55","Machine","N/A","Perfect","Large Damage to All","16","Small Skill Boost","15","https://digimon.fandom.com/wiki/Digimon%20Heroes!/Collection/Knight"
"Knight","Grandlocomon","GrandLocomon","4-031","Rare","30","3","80","83","98","64","Machine","N/A","Ultimate","Extra Large Damage to All","20","Recovery Boost 2","8","https://digimon.fandom.com/wiki/Digimon%20Heroes!/Collection/Knight"
"Knight","Baihumon","","4-036","King","50","4","102","98","116","77","Machine","N/A","Ultimate","Weaken Knight Enemies","11","All Knight","9","https://digimon.fandom.com/wiki/Digimon%20Heroes!/Collection/Knight"
"Knight","Beowolfmon","BeoWolfmon","4-037","Queen","40","4","94","94","108","73","Machine","N/A","Hybrid","Weaken Nature Enemies","12","Extra-Large Recovery Boost","15","https://digimon.fandom.com/wiki/Digimon%20Heroes!/Collection/Knight"
"Knight","Lordknightmon","LordKnightmon","4-038","King","50","4","93","109","113","78","Machine","N/A","Ultimate","Extra Large Damage Return","14","Evolution 2","8","https://digimon.fandom.com/wiki/Digimon%20Heroes!/Collection/Knight"
"Knight","Dorumon","DORUmon","5-004","Common","10","2","40","27","53","26","Machine","N/A","Child","Evolution 1","6","Small Defense Boost","6","https://digimon.fandom.com/wiki/Digimon%20Heroes!/Collection/Knight"
"Knight","Dorugamon","DORUgamon","5-005","Rare","20","3","67","50","77","49","Machine","N/A","Adult","Evolution 1","6","Medium Defense Boost","8","https://digimon.fandom.com/wiki/Digimon%20Heroes!/Collection/Knight"
"Knight","Doruguremon","DORUguremon","5-006","Rare","30","5","92","71","99","70","Machine","N/A","Perfect","Evolution 2","8","Large Defense Boost","15","https://digimon.fandom.com/wiki/Digimon%20Heroes!/Collection/Knight"
"Knight","Alphamon","","5-007","God","50","6","118","93","122","92","Machine","N/A","Ultimate","All Nine","9","Extra Large Defense Boost","21","https://digimon.fandom.com/wiki/Digimon%20Heroes!/Collection/Knight"
"Knight","Gaioumon","","5-008","King","50","6","108","101","118","94","Machine","N/A","Ultimate","All Knight","10","Extra Large Attack Boost","22","https://digimon.fandom.com/wiki/Digimon%20Heroes!/Collection/Knight"
"Knight","Vajramon","","5-009","King","50","6","100","81","110","86","Machine","N/A","Perfect","Knight Release","8","Large Defense Boost","15","https://digimon.fandom.com/wiki/Digimon%20Heroes!/Collection/Knight"
"Knight","Zanbamon","","5-010","God","60","6","119","103","128","109","Machine","N/A","Ultimate","Knight Drive","4","Extra Large Attack Boost","21","https://digimon.fandom.com/wiki/Digimon%20Heroes!/Collection/Knight"
"Knight","Vikemon","","5-012","God","60","7","127","125","133","96","Machine","N/A","Ultimate","Enemy Attack Down Extra Large","18","Large Absorption","9","https://digimon.fandom.com/wiki/Digimon%20Heroes!/Collection/Knight"
"Knight","Magnagarurumon","MagnaGarurumon","5-051","King","60","5","130","111","124","95","Machine","N/A","Hybrid","Large Knight Defense Boost","13","Large Recovery Boost","10","https://digimon.fandom.com/wiki/Digimon%20Heroes!/Collection/Knight"
"Knight","Beelzebumon","","5-055","God","60","7","212","98","124","124","Machine","N/A","Ultimate","Extra Large Damage Return","13","Holy Seal","4","https://digimon.fandom.com/wiki/Digimon%20Heroes!/Collection/Knight"
"Knight","Metalgreymon","","5-056","Common","40","3","111","99","100","89","Machine","N/A","Perfect","Large Damage Return","10","Recovery Boost 2","8","https://digimon.fandom.com/wiki/Digimon%20Heroes!/Collection/Knight"
"Knight","Blackmetalgarurumon","BlackMetalGarurumon","5-057","Queen","50","5","149","68","125","90","Machine","N/A","Ultimate","Extra Large Damage to All","19","Extra Large Knight Defense Boost","18","https://digimon.fandom.com/wiki/Digimon%20Heroes!/Collection/Knight"
"Knight","Blackwargreymon","BlackWarGreymon","5-058","King","50","6","153","78","100","91","Machine","N/A","Ultimate","Weaken Nature Enemies","11","Extra Large Knight Attack Boost","18","https://digimon.fandom.com/wiki/Digimon%20Heroes!/Collection/Knight"
"Knight","Darkdramon","","5-093","King","60","7","196","98","127","101","Machine","N/A","Ultimate","Damage Enemy","15","All Knight","9","https://digimon.fandom.com/wiki/Digimon%20Heroes!/Collection/Knight"
"Knight","Alphamon","","5-210","SP","60","6","210","122","188","128","Machine","N/A","Ultimate","All Nine","9","Maximum Attack Boost","23","https://digimon.fandom.com/wiki/Digimon%20Heroes!/Collection/Knight"
"Knight","Vikemon","","5-215","SP","60","7","226","132","158","143","Machine","N/A","Ultimate","Maximum Attack Boost","23","Large Absorption","9","https://digimon.fandom.com/wiki/Digimon%20Heroes!/Collection/Knight"
"Knight","Darkdramon","","5-221","King","60","7","222","118","134","104","Machine","N/A","Ultimate","Extra Large Damage to All","19","All Knight","9","https://digimon.fandom.com/wiki/Digimon%20Heroes!/Collection/Knight"
"Knight","Grandlocomon","GrandLocomon","5-222","SP","50","3","131","141","128","134","Machine","N/A","Ultimate","Damage All Enemies","20","Large Recovery","8","https://digimon.fandom.com/wiki/Digimon%20Heroes!/Collection/Knight"
"Knight","Sleipmon","","5-223","King","50","4","120","241","140","118","Machine","N/A","Ultimate","All Knight","9","Weaken All Enemies","14","https://digimon.fandom.com/wiki/Digimon%20Heroes!/Collection/Knight"
"Knight","Highandromon","HighAndromon","5-244","King","60","5","148","80","164","64","Machine","N/A","Ultimate","Evolution 2","7","All Knight","9","https://digimon.fandom.com/wiki/Digimon%20Heroes!/Collection/Knight"
"Knight","Shoutmon x4B","Shoutmon X4B","5-260","King","60","5","199","132","138","112","Machine","N/A","Xros Wars","Extra Large Attack Boost","21","Knight Release","7","https://digimon.fandom.com/wiki/Digimon%20Heroes!/Collection/Knight"
"Knight","Shoutmon x7","Shoutmon X7","5-263","SP","60","7","208","176","129","123","Machine","N/A","Xros Wars","Enemy Defense Down Large","13","All Knight","9","https://digimon.fandom.com/wiki/Digimon%20Heroes!/Collection/Knight"
"Knight","Bagramon","","5-264","SP +","60","7","205","164","165","158","Machine","N/A","Xros Wars","Large Absorption","8","Holy Support","3","https://digimon.fandom.com/wiki/Digimon%20Heroes!/Collection/Knight"
"Knight","Blastmon","","5-265","SP","60","7","206","246","166","83","Machine","N/A","Xros Wars","25% Defense","10","Wild Boost","8","https://digimon.fandom.com/wiki/Digimon%20Heroes!/Collection/Knight"
"Knight","Tactimon","","5-266","Queen","60","6","228","132","132","147","Machine","N/A","Xros Wars","Wild Boost","7","Large Skill Boost","19","https://digimon.fandom.com/wiki/Digimon%20Heroes!/Collection/Knight"
"Knight","Vikemon","","5-316","God","60","7","147","128","140","99","Machine","N/A","Ultimate","Enemy Attack Down Extra Large","18","Large Absorption","9","https://digimon.fandom.com/wiki/Digimon%20Heroes!/Collection/Knight"
"Knight","Baihumon","","5-320","King","50","4","118","99","126","81","Machine","N/A","Ultimate","Weaken Knight Enemies","11","All Knight","9","https://digimon.fandom.com/wiki/Digimon%20Heroes!/Collection/Knight"
"Knight","Seraphimon","","5-360","SP","60","5","133","207","162","132","Machine","N/A","Ultimate","Extra Large Damage Return","13","Extra Large Attack Boost","21","https://digimon.fandom.com/wiki/Digimon%20Heroes!/Collection/Knight"
"Knight","Craniummon","","5-365","SP","60","5","188","184","139","144","Machine","N/A","Ultimate","25% Defense","9","Large Recovery","9","https://digimon.fandom.com/wiki/Digimon%20Heroes!/Collection/Knight"
"Knight","Baihumon","","5-369","SP","60","4","202","108","166","149","Machine","N/A","Ultimate","Weaken All Enemies","14","All Knight","9","https://digimon.fandom.com/wiki/Digimon%20Heroes!/Collection/Knight"
"Knight","Seraphimon","","5-416","SP","60","5","133","207","162","132","Machine","N/A","Ultimate","75% Shield CherubimonEvil","6","Extra Large Attack Boost","21","https://digimon.fandom.com/wiki/Digimon%20Heroes!/Collection/Knight"
"Knight","Craniummon","","5-423","SP","60","5","188","184","139","144","Machine","N/A","Ultimate","Super-Maximum Shield Demon","6","Large Recovery","9","https://digimon.fandom.com/wiki/Digimon%20Heroes!/Collection/Knight"
"Knight","Baihumon","","5-429","King","60","4","202","108","166","149","Machine","N/A","Ultimate","Super-Maximum Shield Huanglongmon","6","All Knight","9","https://digimon.fandom.com/wiki/Digimon%20Heroes!/Collection/Knight"
"Knight","Vikemon","","5-532","God","60","7","127","125","133","96","Machine","N/A","Ultimate","Enemy Attack Down Extra Large","18","Large Absorption","9","https://digimon.fandom.com/wiki/Digimon%20Heroes!/Collection/Knight"
"Knight","Baihumon","","5-536","King","50","4","102","98","116","77","Machine","N/A","Ultimate","Weaken Knight Enemies","11","All Knight","9","https://digimon.fandom.com/wiki/Digimon%20Heroes!/Collection/Knight"
"Knight","Rapidmon","","5-560","SP +","60","5","188","152","144","136","Machine","N/A","Armor","Evolution 2","7","Extra Large Defense Boost","21","https://digimon.fandom.com/wiki/Digimon%20Heroes!/Collection/Knight"
"Knight","Metalgreymon","","5-580","Queen","40","4","131","141","128","112","Machine","N/A","Xros Wars","Large Damage Return","9","Weaken All Enemies","14","https://digimon.fandom.com/wiki/Digimon%20Heroes!/Collection/Knight"
"Knight","Metalmamemon","MetalMamemon","5-593","King","50","5","165","183","101","148","Machine","N/A","Perfect","Recovery Boost 2","7","Three Elements","9","https://digimon.fandom.com/wiki/Digimon%20Heroes!/Collection/Knight"
"Knight","Chaosdramon","","5-594","SP +","60","7","256","181","142","146","Machine","N/A","Ultimate","Knight Release","7","Large Skill Boost","19","https://digimon.fandom.com/wiki/Digimon%20Heroes!/Collection/Knight"
"Knight","Justimon","","5-595","God","60","7","204","162","151","132","Machine","N/A","Ultimate","Large Damage to All","14","Evolution 2","6","https://digimon.fandom.com/wiki/Digimon%20Heroes!/Collection/Knight"
"Knight","Metaltyranomon","MetalTyranomon","5-596","King","50","6","142","176","203","103","Machine","N/A","Perfect","Weaken Dragon Enemies","12","Evolution 1","6","https://digimon.fandom.com/wiki/Digimon%20Heroes!/Collection/Knight"
"Knight","Highandromon","HighAndromon","5-652","King","50","5","115","78","120","62","Machine","N/A","Ultimate","Evolution 1","5","All Knight","9","https://digimon.fandom.com/wiki/Digimon%20Heroes!/Collection/Knight"
"Knight","Blackwargreymon","BlackWarGreymon","5-780","God +","60","6","146","228","156","136","Machine","N/A","Ultimate","Weaken Nature Enemies","11","Large Knight Attack Boost","13","https://digimon.fandom.com/wiki/Digimon%20Heroes!/Collection/Knight"
"Knight","Darkknightmon","DarkKnightmon","5-785","King","50","4","161","121","132","98","Machine","N/A","Xros Wars","Small Absorption","5","Knight Drive","4","https://digimon.fandom.com/wiki/Digimon%20Heroes!/Collection/Knight"
"Knight","Gokumon","","5-787","God","60","6","176","192","151","89","Machine","N/A","Ultimate","Medium Knight Attack Boost","8","25% Defense","9","https://digimon.fandom.com/wiki/Digimon%20Heroes!/Collection/Knight"
"Knight","Nanomon","","5-788","King","50","3","168","164","144","141","Machine","N/A","Perfect","Medium Defense Boost","7","Small Recovery","5","https://digimon.fandom.com/wiki/Digimon%20Heroes!/Collection/Knight"
"Knight","Tuwarmon","","5-789","Queen","40","2","99","132","168","123","Machine","N/A","Xros Wars","Medium Knight Defense Boost","8","Medium Knight Attack Boost","8","https://digimon.fandom.com/wiki/Digimon%20Heroes!/Collection/Knight"
"Knight","Mugendramon","","5-800","God","60","6","169","232","133","105","Machine","N/A","Ultimate","Large Absorption","9","Large Defense Boost","14","https://digimon.fandom.com/wiki/Digimon%20Heroes!/Collection/Knight"
"Knight","Mugendramon","","5-801","God +","60","6","172","252","146","108","Machine","N/A","Ultimate","Large Absorption","9","Weaken All Enemies","14","https://digimon.fandom.com/wiki/Digimon%20Heroes!/Collection/Knight"
"Knight","Breakdramon","","5-809","God","60","6","127","205","156","118","Machine","N/A","Ultimate","Weaken Nature Enemies","11","Dragon Seal","4","https://digimon.fandom.com/wiki/Digimon%20Heroes!/Collection/Knight"
"Knight","Bigmamemon","BigMamemon","5-810","King","50","6","118","218","88","148","Machine","N/A","Perfect","Large Defense Boost","14","Small Skill Boost","14","https://digimon.fandom.com/wiki/Digimon%20Heroes!/Collection/Knight"
"Knight","Pukumon","","5-812","God","60","6","169","172","132","145","Machine","N/A","Ultimate","Medium Knight Attack Boost","8","Small Absorption","5","https://digimon.fandom.com/wiki/Digimon%20Heroes!/Collection/Knight"
"Knight","Metalpiranimon","MetalPiranimon","5-814","God","60","5","204","128","105","114","Machine","N/A","Ultimate","Large Damage Return","9","Nature Support","4","https://digimon.fandom.com/wiki/Digimon%20Heroes!/Collection/Knight"
"Knight","Peckmon","","5-838","King","50","5","199","124","149","114","Machine","N/A","Adult","Knight Drive","4","All Attack","4","https://digimon.fandom.com/wiki/Digimon%20Heroes!/Collection/Knight"
"Knight","Kokabuterimon","KoKabuterimon","5-850","Rare","20","3","121","132","103","117","Machine","N/A","Child","Medium Damage Return","6","Small Defense Boost","5","https://digimon.fandom.com/wiki/Digimon%20Heroes!/Collection/Knight"
"Knight","Wolfmon","","5-930","SP +","70","7","185","141","196","140","Machine","N/A","Hybrid","All Knight","9","Large Skill Boost","19","https://digimon.fandom.com/wiki/Digimon%20Heroes!/Collection/Knight"
"Knight","Grademon","","5-931","SP +","70","7","180","148","167","163","Machine","N/A","Perfect","Large Damage to All","15","25% Defense","9","https://digimon.fandom.com/wiki/Digimon%20Heroes!/Collection/Knight"
"Knight","Ancientvolcamon","AncientVolcamon","5-932","SP +","70","7","167","188","204","134","Machine","N/A","Ultimate","Large Knight Attack Boost","13","Big Enemy Attack Delay","14","https://digimon.fandom.com/wiki/Digimon%20Heroes!/Collection/Knight"
"Knight","Musyamon","","5-933","Queen","40","4","147","128","132","132","Machine","N/A","Ultimate","Extra Large Knight Defense Boost","18","Medium Damage to All","11","https://digimon.fandom.com/wiki/Digimon%20Heroes!/Collection/Knight"
"Knight","Ginryumon","","5-938","Queen","40","4","144","117","132","131","Machine","N/A","Adult","Large Attack Boost","14","Small Absorption","5","https://digimon.fandom.com/wiki/Digimon%20Heroes!/Collection/Knight"
"Knight","Hisyaryumon","","5-939","King","50","5","138","140","146","104","Machine","N/A","Perfect","Large Defense Boost","14","Wild Boost","7","https://digimon.fandom.com/wiki/Digimon%20Heroes!/Collection/Knight"
"Knight","Omekamon","","5-940","Queen","40","3","113","108","126","98","Machine","N/A","Ultimate","Small Damage Return","4","Evolution 2","7","https://digimon.fandom.com/wiki/Digimon%20Heroes!/Collection/Knight"
"Knight","Tankdramon","","5-942","God +","60","6","227","191","156","136","Machine","N/A","Perfect","Damage Enemy","15","Nature Support","4","https://digimon.fandom.com/wiki/Digimon%20Heroes!/Collection/Knight"
"Knight","Assaultmon","","5-943","God +","60","7","236","136","165","130","Machine","N/A","Perfect","All Attack","4","Large Skill Boost","19","https://digimon.fandom.com/wiki/Digimon%20Heroes!/Collection/Knight"
"Knight","Cannondramon","","5-944","God +","60","7","210","143","152","134","Machine","N/A","Ultimate","Damage All Enemies","21","Knight Drive","4","https://digimon.fandom.com/wiki/Digimon%20Heroes!/Collection/Knight"
"Knight","Tankdramon","","5-945","God","60","6","198","183","147","129","Machine","N/A","Perfect","Extra Large Damage Return","13","Nature Support","4","https://digimon.fandom.com/wiki/Digimon%20Heroes!/Collection/Knight"
"Knight","Assaultmon","","5-946","God","60","7","212","129","157","139","Machine","N/A","Perfect","All Attack","4","Small Skill Boost","14","https://digimon.fandom.com/wiki/Digimon%20Heroes!/Collection/Knight"
"Knight","Cannondramon","","5-947","God","60","7","211","151","148","138","Machine","N/A","Ultimate","Extra Large Damage to All","19","Knight Drive","4","https://digimon.fandom.com/wiki/Digimon%20Heroes!/Collection/Knight"
"Knight","Commandramon","","5-948","Rare","30","3","128","129","111","112","Machine","N/A","Child","Enemy Attack Down Medium","8","All Knight","9","https://digimon.fandom.com/wiki/Digimon%20Heroes!/Collection/Knight"
"Knight","Sealsdramon","","5-949","Queen","40","4","168","86","110","88","Machine","N/A","Adult","Three Elements","9","Extra Large Knight Defense Boost","18","https://digimon.fandom.com/wiki/Digimon%20Heroes!/Collection/Knight"
"Knight","Alphamon","","5-980","SP +","70","7","228","142","192","139","Machine","N/A","Ultimate","All Nine","9","Weaken All Enemies","14","https://digimon.fandom.com/wiki/Digimon%20Heroes!/Collection/Knight"
"Knight","Boltmon","","5-992","SP +","70","7","187","301","243","75","Machine","N/A","Ultimate","Medium Knight Attack Boost","9","Medium Knight Defense Boost","9","https://digimon.fandom.com/wiki/Digimon%20Heroes!/Collection/Knight"
"Knight","Volcamon","","5-993","God","50","5","166","171","150","85","Machine","N/A","Perfect","Medium Defense Boost","7","Recovery Boost 2","7","https://digimon.fandom.com/wiki/Digimon%20Heroes!/Collection/Knight"
"Knight","Valvemon","","5-997","King","50","5","145","258","188","91","Dragon","N/A","Perfect","Medium Knight Defense Boost","9","Small Skill Boost","15","https://digimon.fandom.com/wiki/Digimon%20Heroes!/Collection/Knight"
"Knight","Metallifekuwagamon","MetallifeKuwagamon","5-998","God","50","5","155","118","144","90","Machine","N/A","Perfect","Small Absorption","5","Small Absorption","5","https://digimon.fandom.com/wiki/Digimon%20Heroes!/Collection/Knight"
"Knight","Bladekuwagamon","BladeKuwagamon","5-999","Queen","40","4","198","53","116","40","Machine","N/A","Adult","Small Damage Return","3","Small Defense Boost","4","https://digimon.fandom.com/wiki/Digimon%20Heroes!/Collection/Knight"
"Knight","Thunderballmon","","6-001","Queen","40","4","154","100","122","161","Machine","N/A","Adult","Knight Drive","4","Small Knight Attack Boost","6","https://digimon.fandom.com/wiki/Digimon%20Heroes!/Collection/Knight"
"Knight","Loaderliomon","LoaderLiomon","6-002","God +","60","7","165","108","201","133","Machine","N/A","Perfect","All Knight","8","Small Enemy Attack Delay","8","https://digimon.fandom.com/wiki/Digimon%20Heroes!/Collection/Knight"
"Knight","Marsmon","","6-004","God +","60","7","177","192","187","100","Machine","N/A","Ultimate","Extra Large Knight Attack Boost","18","Evolution 2","7","https://digimon.fandom.com/wiki/Digimon%20Heroes!/Collection/Knight"
"Knight","Clockmon","","6-077","King","50","5","179","148","136","123","Machine","N/A","Adult","Extra Large Knight Defense Boost","18","Suicide Attack","11","https://digimon.fandom.com/wiki/Digimon%20Heroes!/Collection/Knight"
"Knight","Mametyramon","MameTyramon","6-078","God","60","5","196","162","144","121","Machine","N/A","Perfect","Large Damage Return","9","Weaken Nature Enemies","11","https://digimon.fandom.com/wiki/Digimon%20Heroes!/Collection/Knight"
"Knight","Suijinmon","","6-104","SP +","70","7","172","222","175","133","Machine","N/A","Ultimate","All Knight","9","75% Defense","16","https://digimon.fandom.com/wiki/Digimon%20Heroes!/Collection/Knight"
"Knight","Rapidmon","","6-105","King","50","7","159","125","152","156","Machine","N/A","Perfect","Evolution 2","7","Maximum Defense Boost","23","https://digimon.fandom.com/wiki/Digimon%20Heroes!/Collection/Knight"
"Knight","Anomalocarimon","","6-110","God","60","7","157","198","140","134","Machine","N/A","Perfect","Extra Large Defense Boost","21","Nature Seal","4","https://digimon.fandom.com/wiki/Digimon%20Heroes!/Collection/Knight"
"Knight","Valvemon","","6-114","God +","60","6","199","199","144","137","Machine","N/A","Perfect","Large Knight Attack Boost","13","Nature Support","4","https://digimon.fandom.com/wiki/Digimon%20Heroes!/Collection/Knight"
"Knight","Raidenmon","","6-116","God +","60","7","234","156","161","152","Machine","N/A","Ultimate","Maximum Knight Attack Boost","22","Big Enemy Attack Delay","14","https://digimon.fandom.com/wiki/Digimon%20Heroes!/Collection/Knight"
"Knight","Mechanorimon","","6-117","Queen","40","6","146","142","126","121","Machine","N/A","Adult","All Attack","4","Large Knight Attack Boost","13","https://digimon.fandom.com/wiki/Digimon%20Heroes!/Collection/Knight"
"Knight","Blimpmon","","6-118","Queen","40","6","132","142","172","88","Machine","N/A","Adult","Small Skill Boost","14","Large Damage to All","15","https://digimon.fandom.com/wiki/Digimon%20Heroes!/Collection/Knight"
"Knight","Solarmon","","6-119","Rare","30","3","124","102","132","86","Machine","N/A","Child","Weaken All Enemies","14","Extra Large Damage Return","13","https://digimon.fandom.com/wiki/Digimon%20Heroes!/Collection/Knight"
"Knight","Chaosdramon","","6-120","King","60","7","177","182","147","136","Machine","N/A","Ultimate","Extra Large Damage to All","19","All Knight","9","https://digimon.fandom.com/wiki/Digimon%20Heroes!/Collection/Knight"
"Knight","Starmon","","6-144","King","50","6","162","162","132","112","Machine","N/A","Adult","Large Damage to All","15","25% Defense","9","https://digimon.fandom.com/wiki/Digimon%20Heroes!/Collection/Knight"
"Knight","Superstarmon","SuperStarmon","6-148","SP +","70","7","202","172","152","142","Machine","N/A","Perfect","Extra Large Damage to All","19","Weaken All Enemies","14","https://digimon.fandom.com/wiki/Digimon%20Heroes!/Collection/Knight"
"Knight","Gottsumon","","6-156","Rare","30","3","130","143","122","86","Machine","N/A","Child","Extra Large Defense Boost","22","Extra Large Damage Return","14","https://digimon.fandom.com/wiki/Digimon%20Heroes!/Collection/Knight"
"Knight","Gorimon","","6-201","Queen","40","4","156","185","123","88","Machine","N/A","Adult","Large Knight Attack Boost","14","Small Skill Boost","15","https://digimon.fandom.com/wiki/Digimon%20Heroes!/Collection/Knight"
"Knight","Coelamon","","6-202","Queen","40","4","144","126","104","128","Machine","N/A","Adult","Wild Boost","7","Medium Damage to All","11","https://digimon.fandom.com/wiki/Digimon%20Heroes!/Collection/Knight"
"Knight","Blackmegalogrowmon","BlackMegaloGrowmon","6-221","King","50","5","143","207","150","112","Machine","N/A","Perfect","Medium Damage to All","12","Large Knight Attack Boost","14","https://digimon.fandom.com/wiki/Digimon%20Heroes!/Collection/Knight"
"Knight","Gigaseadramon","GigaSeadramon","6-227","God","60","7","122","176","188","144","Machine","N/A","Ultimate","Knight Release","7","Knight Drive","4","https://digimon.fandom.com/wiki/Digimon%20Heroes!/Collection/Knight"
"Knight","Vajramon","","6-249","King","50","5","200","97","167","117","Machine","N/A","Perfect","Medium Knight Attack Boost","8","Weaken Dragon Enemies","11","https://digimon.fandom.com/wiki/Digimon%20Heroes!/Collection/Knight"
"Knight","Surfimon","","6-334","SP +","70","7","112","176","124","154","Machine","N/A","Ultimate","Large Skill Boost","18","Enemy Attack Down Medium","7","https://digimon.fandom.com/wiki/Digimon%20Heroes!/Collection/Knight"
"Knight","Rinkmon","","6-337","King","50","5","180","99","155","92","Machine","N/A","Armor","Knight Support","4","All Healing","7","https://digimon.fandom.com/wiki/Digimon%20Heroes!/Collection/Knight"
"Knight","Dynasmon","","6-368","SP +","70","7","229","118","250","123","Machine","N/A","Ultimate","All Knight","9","Knight Drive","4","https://digimon.fandom.com/wiki/Digimon%20Heroes!/Collection/Knight"
"Knight","Sabmarimon","","6-373","Queen","40","4","126","122","147","117","Machine","N/A","Armor","Medium Knight Defense Boost","8","Medium Damage Return","6","https://digimon.fandom.com/wiki/Digimon%20Heroes!/Collection/Knight"
"Knight","Blackmegalogrowmon","BlackMegaloGrowmon","6-380","God +","60","7","185","212","178","142","Machine","N/A","Perfect","Small Skill Boost","14","Enemy Defense Down Large","13","https://digimon.fandom.com/wiki/Digimon%20Heroes!/Collection/Knight"
"Knight","Ravmon","","6-421","God","60","7","153","105","176","128","Machine","N/A","Ultimate","All Attack","3","Medium Recovery","6","https://digimon.fandom.com/wiki/Digimon%20Heroes!/Collection/Knight"
"Knight","Knightchessmon (white)","KnightChessmon (White)","6-424","Queen","40","4","172","103","131","67","Machine","N/A","Adult","Knight Drive","4","Enemy Attack Down Small","6","https://digimon.fandom.com/wiki/Digimon%20Heroes!/Collection/Knight"
"Knight","Knightchessmon (black)","KnightChessmon (Black)","6-425","Queen","40","4","154","132","120","101","Machine","N/A","Adult","Knight Support","4","Enemy Defense Down Small","6","https://digimon.fandom.com/wiki/Digimon%20Heroes!/Collection/Knight"
"Knight","Lighdramon","","6-438","SP +","70","7","135","141","143","198","Machine","N/A","Armor","Enemy Defense Down Medium","7","Medium Damage to All","10","https://digimon.fandom.com/wiki/Digimon%20Heroes!/Collection/Knight"
"Knight","Aegiochusmon Blue","","6-440","King","50","5","120","188","176","114","Machine","N/A","Perfect","Large Absorption","9","Evolution 1","5","https://digimon.fandom.com/wiki/Digimon%20Heroes!/Collection/Knight"
"Knight","Aegiochusmon Blue","","6-441","God","60","7","140","211","183","132","Machine","N/A","Perfect","All Nine","9","Large Defense Boost","14","https://digimon.fandom.com/wiki/Digimon%20Heroes!/Collection/Knight"
"Knight","Aegiochusmon Blue","","6-442","God +","60","7","145","216","189","139","Machine","N/A","Perfect","Small Skill Boost","14","Evolution 2","7","https://digimon.fandom.com/wiki/Digimon%20Heroes!/Collection/Knight"
"Knight","Insekimon","","6-446","God +","60","7","140","199","196","147","Machine","N/A","Perfect","Large Defense Boost","14","Weaken All Enemies","14","https://digimon.fandom.com/wiki/Digimon%20Heroes!/Collection/Knight"
"Knight","Insekimon","","6-449","God","60","7","129","163","171","123","Machine","N/A","Perfect","Small Defense Boost","5","Weaken All Enemies","14","https://digimon.fandom.com/wiki/Digimon%20Heroes!/Collection/Knight"
"Knight","Koemon","","6-468","God +","10","2","18","23","65","19","Machine","N/A","Child","All Attack","5","Medium Damage Return","7","https://digimon.fandom.com/wiki/Digimon%20Heroes!/Collection/Knight"
"Knight","Craniummon","","6-496","SP +","70","7","211","205","189","132","Machine","N/A","Ultimate","All Knight","9","Replace (knight)","6","https://digimon.fandom.com/wiki/Digimon%20Heroes!/Collection/Knight"
"Knight","Breakdramon","","6-498","SP +","70","7","256","175","177","144","Machine","N/A","Ultimate","Medium Knight Attack Boost","8","Extra-Large Gamble Attack","18","https://digimon.fandom.com/wiki/Digimon%20Heroes!/Collection/Knight"
"Knight","Miragegaogamon","MirageGaogamon","6-499","God +","60","7","157","171","169","117","Machine","N/A","Ultimate","Replace All","5","Weaken All Enemies","13","https://digimon.fandom.com/wiki/Digimon%20Heroes!/Collection/Knight"
"Knight","Metalmamemon","MetalMamemon","6-532","King","50","5","165","183","101","148","Machine","N/A","Perfect","Recovery Boost 2","7","Three Elements","9","https://digimon.fandom.com/wiki/Digimon%20Heroes!/Collection/Knight"
"Knight","Darkdramon","","6-534","King","60","7","196","98","127","101","Machine","N/A","Ultimate","Damage Enemy","15","All Knight","9","https://digimon.fandom.com/wiki/Digimon%20Heroes!/Collection/Knight"
"Knight","Bolgmon","","6-565","SP +","70","7","189","243","211","123","Machine","N/A","Hybrid","Medium Defense Boost","8","Medium Recovery","8","https://digimon.fandom.com/wiki/Digimon%20Heroes!/Collection/Knight"
"Knight","Beowolfmon","BeoWolfmon","6-584","SP +","70","7","203","232","164","116","Machine","N/A","Hybrid","Large Knight Attack Boost","13","Replace (knight)","6","https://digimon.fandom.com/wiki/Digimon%20Heroes!/Collection/Knight"
"Knight","Shoutmon x5","Shoutmon X5","6-651","SP +","70","7","194","146","168","150","Machine","N/A","Xros Wars","Enemy Attack Down Medium","7","Medium Defense Boost","6","https://digimon.fandom.com/wiki/Digimon%20Heroes!/Collection/Knight"
"Knight","Cyberdramon","","6-675","SP +","70","7","187","156","132","154","Machine","N/A","Xros Wars","Evolution 1","4","Medium Damage to All","10","https://digimon.fandom.com/wiki/Digimon%20Heroes!/Collection/Knight"
"Knight","Rapidmon","","6-676","SP +","70","7","127","176","149","185","Machine","N/A","Perfect","Big Enemy Attack Delay","14","All Nine","9","https://digimon.fandom.com/wiki/Digimon%20Heroes!/Collection/Knight"
"Knight","Metalmamemon","MetalMamemon","6-682","King","50","5","165","183","101","148","Machine","N/A","Perfect","Recovery Boost 2","7","Three Elements","9","https://digimon.fandom.com/wiki/Digimon%20Heroes!/Collection/Knight"
"Knight","Stegomon","","6-728","Queen","40","4","147","154","143","132","Machine","N/A","Armor","Medium Damage to All","12","Medium Defense Boost","8","https://digimon.fandom.com/wiki/Digimon%20Heroes!/Collection/Knight"
"Knight","Gizmon: Prototype","","6-731","Rare","30","5","103","93","118","109","Machine","N/A","Child","Small Knight Defense Boost","6","Evolution 1","5","https://digimon.fandom.com/wiki/Digimon%20Heroes!/Collection/Knight"
"Knight","Gizmon: Attacker","","6-732","Queen","40","4","155","121","133","135","Machine","N/A","Adult","Knight Drive","4","Weaken All Enemies","14","https://digimon.fandom.com/wiki/Digimon%20Heroes!/Collection/Knight"
"Knight","Gizumon: X-Terminator","","6-733","King","50","5","167","140","160","148","Machine","N/A","Perfect","Large Knight Attack Boost","13","All Nine","9","https://digimon.fandom.com/wiki/Digimon%20Heroes!/Collection/Knight"
"Knight","Queenchessmon","QueenChessmon","6-758","SP +","70","7","207","198","165","158","Machine","N/A","Ultimate","Weaken Nature Enemies","11","Small Enemy Attack Delay","9","https://digimon.fandom.com/wiki/Digimon%20Heroes!/Collection/Knight"
"Knight","Rookchessmon","RookChessmon","6-759","SP +","70","7","143","232","143","152","Machine","N/A","Perfect","Medium Knight Defense Boost","9","Extra Large Sacrifice Strike","19","https://digimon.fandom.com/wiki/Digimon%20Heroes!/Collection/Knight"
"Knight","Paunchessmon (white)","PaunChessmon (White)","6-761","Common","20","5","82","105","98","121","Machine","N/A","Child","Knight Drive","5","Small Knight Attack Boost","7","https://digimon.fandom.com/wiki/Digimon%20Heroes!/Collection/Knight"
"Knight","Paunchessmon (white)","PaunChessmon (White)","6-762","Rare","30","5","104","134","111","132","Machine","N/A","Child","Medium Knight Attack Boost","9","All Attack","5","https://digimon.fandom.com/wiki/Digimon%20Heroes!/Collection/Knight"
"Knight","Paunchessmon (white)","PaunChessmon (White)","6-763","Queen","40","4","113","140","120","146","Machine","N/A","Child","Knight Release","8","Medium Knight Defense Boost","9","https://digimon.fandom.com/wiki/Digimon%20Heroes!/Collection/Knight"
"Knight","Knightchessmon (white)","KnightChessmon (White)","6-764","Uncommon","25","4","87","113","97","108","Machine","N/A","Adult","Knight Drive","4","Dragon Seal","4","https://digimon.fandom.com/wiki/Digimon%20Heroes!/Collection/Knight"
"Knight","Rookchessmon","RookChessmon","6-765","Rare","30","5","83","180","191","102","Machine","N/A","Perfect","Small Knight Defense Boost","7","Large Damage to All","16","https://digimon.fandom.com/wiki/Digimon%20Heroes!/Collection/Knight"
"Knight","Queenchessmon","QueenChessmon","6-766","Queen","40","4","172","154","136","129","Machine","N/A","Ultimate","Medium Defense Boost","7","Large Absorption","9","https://digimon.fandom.com/wiki/Digimon%20Heroes!/Collection/Knight"
"Knight","Paunchessmon (black)","PaunChessmon (Black)","6-767","Common","20","5","87","114","89","103","Machine","N/A","Child","Knight Support","5","Small Knight Defense Boost","7","https://digimon.fandom.com/wiki/Digimon%20Heroes!/Collection/Knight"
"Knight","Knightchessmon (black)","KnightChessmon (Black)","6-768","Uncommon","25","4","101","125","86","117","Machine","N/A","Adult","Dragon Support","4","Nature Seal","4","https://digimon.fandom.com/wiki/Digimon%20Heroes!/Collection/Knight"
"Knight","Bishopchessmon","BishopChessmon","6-769","Rare","30","5","101","110","121","153","Machine","N/A","Perfect","Small Recovery","5","Knight Drive","4","https://digimon.fandom.com/wiki/Digimon%20Heroes!/Collection/Knight"
"Knight","Bishopchessmon","BishopChessmon","6-770","God","60","7","162","157","141","185","Machine","N/A","Perfect","Medium Recovery","7","Enemy Attack Down Large","13","https://digimon.fandom.com/wiki/Digimon%20Heroes!/Collection/Knight"
"Knight","Bishopchessmon","BishopChessmon","6-771","God +","60","7","169","164","146","193","Machine","N/A","Perfect","Large Recovery","9","All Knight","9","https://digimon.fandom.com/wiki/Digimon%20Heroes!/Collection/Knight"
"Knight","Kingchessmon","KingChessmon","6-772","King","50","5","114","125","94","170","Machine","N/A","Ultimate","Recovery Boost 1","5","Medium Knight Defense Boost","8","https://digimon.fandom.com/wiki/Digimon%20Heroes!/Collection/Knight"
"Knight","Kingchessmon","KingChessmon","6-773","God","60","7","135","146","122","189","Machine","N/A","Ultimate","Big Enemy Attack Delay","14","Evolution 1","5","https://digimon.fandom.com/wiki/Digimon%20Heroes!/Collection/Knight"
"Knight","Kingchessmon","KingChessmon","6-774","God +","60","7","153","160","130","191","Machine","N/A","Ultimate","Enemy Attack Down Large","13","Evolution 2","7","https://digimon.fandom.com/wiki/Digimon%20Heroes!/Collection/Knight"
"Knight","Kingchessmon","KingChessmon","6-775","God +","60","7","158","167","142","197","Machine","N/A","Ultimate","Enemy Attack Down Large","12","Evolution 2","6","https://digimon.fandom.com/wiki/Digimon%20Heroes!/Collection/Knight"
"Knight","Darkdramon","","6-818","God","60","7","180","171","164","110","Machine","N/A","Ultimate","Enemy Attack Down Medium","8","Weaken All Enemies","14","https://digimon.fandom.com/wiki/Digimon%20Heroes!/Collection/Knight"
"Knight","Queenchessmon","QueenChessmon","6-819","Queen","40","4","163","135","140","148","Machine","N/A","Ultimate","Large Knight Defense Boost","13","All Nine","9","https://digimon.fandom.com/wiki/Digimon%20Heroes!/Collection/Knight"
"Knight","Justimon","","6-820","God","60","7","162","141","192","132","Machine","N/A","Ultimate","Large Damage Return","9","Knight Release","7","https://digimon.fandom.com/wiki/Digimon%20Heroes!/Collection/Knight"
"Knight","Vikemon","","6-821","God","60","7","196","158","211","122","Machine","N/A","Ultimate","Large Attack Boost","15","Large Knight Defense Boost","14","https://digimon.fandom.com/wiki/Digimon%20Heroes!/Collection/Knight"
"Knight","Beelzebumon","","6-822","God","60","7","183","121","158","144","Machine","N/A","Ultimate","Large Recovery","9","Evolution 1","5","https://digimon.fandom.com/wiki/Digimon%20Heroes!/Collection/Knight"
"Knight","Rookchessmon","","6-823","King","50","5","125","197","199","102","Machine","N/A","Perfect","Medium Defense Boost","8","Medium Damage to All","12","https://digimon.fandom.com/wiki/Digimon%20Heroes!/Collection/Knight"
"Knight","Targetmon","","6-878","King","50","5","121","104","118","148","Machine","N/A","Adult","Dragon Support","4","Knight Drive","4","https://digimon.fandom.com/wiki/Digimon%20Heroes!/Collection/Knight"
"Knight","Shoutmon x7","Shoutmon X7","6-893","SP","60","7","208","176","129","123","Machine","N/A","Xros Wars","Enemy Defense Down Large","13","All Knight","9","https://digimon.fandom.com/wiki/Digimon%20Heroes!/Collection/Knight"
"Knight","Dukemon X antibody","Dukemon X-Antibody","6-899","SP +","70","7","218","197","199","162","Machine","N/A","Ultimate","Knight Release","7","Total Weaken All Enemies","19","https://digimon.fandom.com/wiki/Digimon%20Heroes!/Collection/Knight"
"Knight","Metalgarurumon X antibody","MetalGarurumon X-Antibody","6-904","God","60","7","152","170","148","123","Machine","N/A","Ultimate","All Knight","9","Small Enemy Attack Delay","9","https://digimon.fandom.com/wiki/Digimon%20Heroes!/Collection/Knight"
"Knight","Omegamon","","6-922","SP +","70","7","174","157","171","181","Machine","N/A","Ultimate","Maximum Gamble Attack","22","Replace (wild)","7","https://digimon.fandom.com/wiki/Digimon%20Heroes!/Collection/Knight"
"Knight","Jupitermon","","6-939","God +","60","7","202","167","171","162","Machine","N/A","Ultimate","Large Skill Boost","19","Nature Support","4","https://digimon.fandom.com/wiki/Digimon%20Heroes!/Collection/Knight"
"Knight","Jupitermon","","6-939","God +","50","7","202","167","171","162","Machine","N/A","Ultimate","Large Skill Boost","19","Nature Support","4","https://digimon.fandom.com/wiki/Digimon%20Heroes!/Collection/Knight"
"Knight","Jupitermon","","6-939","God +","40","7","202","167","171","162","Machine","N/A","Ultimate","Large Skill Boost","19","Nature Support","4","https://digimon.fandom.com/wiki/Digimon%20Heroes!/Collection/Knight"
"Knight","Tonosamamamemon","TonosamaMamemon","6-957","God","60","7","102","119","152","190","Machine","N/A","Ultimate","Small Enemy Attack Delay","8","Weaken All Enemies","13","https://digimon.fandom.com/wiki/Digimon%20Heroes!/Collection/Knight"
"Knight","Deckerdramon","","6-976","SP +","70","7","162","199","143","150","Machine","N/A","Xros Wars","Medium Defense Boost","7","Big Enemy Attack Delay","14","https://digimon.fandom.com/wiki/Digimon%20Heroes!/Collection/Knight"
"Knight","Beowolfmon vs Duskmon","BeoWolfmon vs Duskmon","6-982","Legendary Rare","70","7","118","257","201","199","Machine","Dark","Hybrid/Hybrid","Evolution 2","6","Extra Large Gamble Attack All","17","https://digimon.fandom.com/wiki/Digimon%20Heroes!/Collection/Knight"
"Knight","Beowolfmon vs Duskmon","BeoWolfmon vs Duskmon","6-983","Legendary Rare","70","7","123","262","206","204","Machine","Dark","Hybrid/Hybrid","Evolution 2","6","Extra Large Gamble Attack All","17","https://digimon.fandom.com/wiki/Digimon%20Heroes!/Collection/Knight"
"Knight","Arresterdramon","","6-988","King","50","5","153","118","161","147","Machine","N/A","Xros Wars","Enemy Defense Down Medium","8","All Knight","9","https://digimon.fandom.com/wiki/Digimon%20Heroes!/Collection/Knight"
"Knight","Troopmon","","6-989","King","50","5","178","107","190","197","Machine","N/A","Xros Wars","Weaken Dragon Enemies","12","Recovery Boost 2","8","https://digimon.fandom.com/wiki/Digimon%20Heroes!/Collection/Knight"
"Knight","Ultimatebrakimon","UltimateBrakimon","7-012","SP +","70","7","243","187","221","97","Machine","N/A","Ultimate","Knight Release","7","Medium Defense Boost","7","https://digimon.fandom.com/wiki/Digimon%20Heroes!/Collection/Knight"
"Knight","Rusttyranomon","RustTyranomon","7-014","SP +","70","7","207","219","240","173","Machine","N/A","Ultimate","All Nine","9","Extra Large Gamble Attack All","18","https://digimon.fandom.com/wiki/Digimon%20Heroes!/Collection/Knight"
"Knight","Ex-tyranomon","Ex-Tyranomon","7-015","SP +","70","7","175","234","119","162","Machine","N/A","Perfect","Big Enemy Attack Delay","14","Large Defense Boost","14","https://digimon.fandom.com/wiki/Digimon%20Heroes!/Collection/Knight"
"Knight","Rusttyranomon","RustTyranomon","7-017","SP +","70","7","212","224","245","178","Machine","N/A","Ultimate","All Nine","9","Extra Large Gamble Attack All","18","https://digimon.fandom.com/wiki/Digimon%20Heroes!/Collection/Knight"
"Knight","Ex-tyranomon","Ex-Tyranomon","7-018","SP +","70","7","180","239","124","167","Machine","N/A","Perfect","Big Enemy Attack Delay","14","Large Defense Boost","14","https://digimon.fandom.com/wiki/Digimon%20Heroes!/Collection/Knight"
"Knight","Bellestarmon","BelleStarmon","7-053","God","60","7","151","159","143","137","Machine","N/A","Ultimate","All Nine","9","Medium KO Enemy","8","https://digimon.fandom.com/wiki/Digimon%20Heroes!/Collection/Knight"
"Knight","Bellestarmon","BelleStarmon","7-054","God +","60","7","161","169","153","147","Machine","N/A","Ultimate","All Nine","8","Medium KO Enemy","7","https://digimon.fandom.com/wiki/Digimon%20Heroes!/Collection/Knight"
"Knight","Grademon","","7-066","SP +","70","7","193","156","165","126","Machine","N/A","Perfect","Reshuffle (knight)","5","All Knight","8","https://digimon.fandom.com/wiki/Digimon%20Heroes!/Collection/Knight"
"Knight","Darkdramon","","7-071","God","60","7","169","187","150","86","Machine","N/A","Ultimate","Enemy Attack Down Small","6","Enemy Defense Down Small","6","https://digimon.fandom.com/wiki/Digimon%20Heroes!/Collection/Knight"
"Knight","Aegisdramon","","7-085","SP +","70","7","276","165","202","197","Machine","N/A","Ultimate","Knight Drive","4","Evolution 2","7","https://digimon.fandom.com/wiki/Digimon%20Heroes!/Collection/Knight"
"Nature","Tentomon","","1-054","Common","10","2","31","38","51","24","Nature","N/A","Child","Small Nature Attack Boost","7","Enemy Attack Down Small","7","https://digimon.fandom.com/wiki/Digimon%20Heroes!/Collection/Nature"
"Nature","Palmon","","1-055","Common","10","2","39","27","51","25","Nature","N/A","Child","Nature Drive","5","Small Absorption","6","https://digimon.fandom.com/wiki/Digimon%20Heroes!/Collection/Nature"
"Nature","Gomamon","","1-056","Common","10","2","35","28","49","24","Nature","N/A","Child","Enemy Attack Down Small","7","Small Recovery","6","https://digimon.fandom.com/wiki/Digimon%20Heroes!/Collection/Nature"
"Nature","Piyomon","","1-057","Common","10","1","27","28","48","20","Nature","N/A","Child","Enemy Defense Down Small","7","Small Nature Defense Boost","7","https://digimon.fandom.com/wiki/Digimon%20Heroes!/Collection/Nature"
"Nature","Kuwagamon","","1-059","Uncommon","20","3","54","68","76","47","Nature","N/A","Adult","Medium Damage to All","12","Enemy Defense Down Medium","9","https://digimon.fandom.com/wiki/Digimon%20Heroes!/Collection/Nature"
"Nature","Kabuterimon","","1-060","Uncommon","20","3","67","55","75","47","Nature","N/A","Adult","Medium Nature Attack Boost","9","Enemy Defense Down Medium","9","https://digimon.fandom.com/wiki/Digimon%20Heroes!/Collection/Nature"
"Nature","Birdramon","","1-061","Uncommon","20","2","52","52","75","51","Nature","N/A","Adult","Enemy Defense Down Medium","9","Medium Nature Defense Boost","9","https://digimon.fandom.com/wiki/Digimon%20Heroes!/Collection/Nature"
"Nature","Togemon","","1-062","Common","10","2","56","46","65","36","Nature","N/A","Adult","Medium Nature Attack Boost","9","Nature Release","8","https://digimon.fandom.com/wiki/Digimon%20Heroes!/Collection/Nature"
"Nature","Ikkakumon","","1-063","Common","10","2","52","47","65","37","Nature","N/A","Adult","Enemy Attack Down Medium","9","Small Recovery","6","https://digimon.fandom.com/wiki/Digimon%20Heroes!/Collection/Nature"
"Nature","Airdramon","","1-066","Common","20","2","128","41","64","51","Nature","N/A","Adult","Large Damage Return","10","Knight Drive","5","https://digimon.fandom.com/wiki/Digimon%20Heroes!/Collection/Nature"
"Nature","Atlurkabuterimon","AtlurKabuterimon","1-068","Rare","30","4","81","81","96","60","Nature","N/A","Perfect","Large Nature Attack Boost","14","Enemy Defense Down Large","14","https://digimon.fandom.com/wiki/Digimon%20Heroes!/Collection/Nature"
"Nature","Oukuwamon","","1-070","Rare","30","3","78","70","89","58","Nature","N/A","Perfect","Large Damage to All","16","Enemy Defense Down Large","14","https://digimon.fandom.com/wiki/Digimon%20Heroes!/Collection/Nature"
"Nature","Garudamon","","1-071","Rare","30","3","76","71","95","73","Nature","N/A","Perfect","Enemy Defense Down Large","14","Large Skill Boost","20","https://digimon.fandom.com/wiki/Digimon%20Heroes!/Collection/Nature"
"Nature","Zudomon","","1-072","Queen","40","4","87","84","98","67","Nature","N/A","Perfect","Enemy Attack Down Large","14","Medium Recovery","8","https://digimon.fandom.com/wiki/Digimon%20Heroes!/Collection/Nature"
"Nature","Megaseadramon","MegaSeadramon","1-073","Uncommon","30","4","89","112","108","57","Nature","N/A","Perfect","Small Absorption","6","All Nature","10","https://digimon.fandom.com/wiki/Digimon%20Heroes!/Collection/Nature"
"Nature","Grankuwagamon","GranKuwagamon","1-073","Rare","30","6","96","94","110","76","Nature","N/A","Ultimate","Extra Large Damage to All","20","Small Enemy Attack Delay","10","https://digimon.fandom.com/wiki/Digimon%20Heroes!/Collection/Nature"
"Nature","Heraklekabuterimon","HerakleKabuterimon","1-077","King","50","7","114","109","122","96","Nature","N/A","Ultimate","Extra Large Nature Attack Boost","19","Enemy Defense Down Extra Large","19","https://digimon.fandom.com/wiki/Digimon%20Heroes!/Collection/Nature"
"Nature","Metalseadramon","MetalSeadramon","1-080","Rare","50","6","179","180","148","88","Nature","N/A","Ultimate","Extra Large Nature Defense Boost","18","Nature Release","7","https://digimon.fandom.com/wiki/Digimon%20Heroes!/Collection/Nature"
"Nature","Rosemon","","1-081","King","50","7","110","107","130","107","Nature","N/A","Ultimate","Extra Large Damage Return","13","Large Recovery","9","https://digimon.fandom.com/wiki/Digimon%20Heroes!/Collection/Nature"
"Nature","Aquilamon","","2-046","Common","20","2","60","74","63","48","Nature","N/A","Adult","Nature Release","7","Evolution 1","5","https://digimon.fandom.com/wiki/Digimon%20Heroes!/Collection/Nature"
"Nature","Ankylomon","","2-047","Queen","30","3","111","101","102","88","Nature","N/A","Adult","Medium Recovery","8","Wild Boost","8","https://digimon.fandom.com/wiki/Digimon%20Heroes!/Collection/Nature"
"Nature","Lilamon","","2-056","Queen","40","3","82","76","98","72","Nature","N/A","Perfect","Large Damage Return","10","Large Recovery","10","https://digimon.fandom.com/wiki/Digimon%20Heroes!/Collection/Nature"
"Nature","Kingetemon","KingEtemon","2-057","King","60","4","181","151","171","121","Nature","N/A","Ultimate","Big Enemy Attack Delay","14","Nature Drive","4","https://digimon.fandom.com/wiki/Digimon%20Heroes!/Collection/Nature"
"Nature","Kamemon","","3-038","Common","10","1","26","30","45","21","Nature","N/A","Child","Small Nature Attack Boost","7","Small Damage Return","5","https://digimon.fandom.com/wiki/Digimon%20Heroes!/Collection/Nature"
"Nature","Sunflowmon","","3-042","Uncommon","20","2","53","51","72","49","Nature","N/A","Adult","Medium Damage Return","7","Medium Nature Attack Boost","9","https://digimon.fandom.com/wiki/Digimon%20Heroes!/Collection/Nature"
"Nature","Tortamon","","3-043","Uncommon","20","2","46","61","66","37","Nature","N/A","Adult","Enemy Attack Down Medium","9","Small Skill Boost","15","https://digimon.fandom.com/wiki/Digimon%20Heroes!/Collection/Nature"
"Nature","Reppamon","","3-047","Uncommon","20","2","61","41","69","43","Nature","N/A","Adult","Medium Damage to All","12","Recovery Boost 1","6","https://digimon.fandom.com/wiki/Digimon%20Heroes!/Collection/Nature"
"Nature","Etemon","","3-048","Rare","30","3","70","65","91","72","Nature","N/A","Perfect","Small Enemy Attack Delay","10","Nature Drive","5","https://digimon.fandom.com/wiki/Digimon%20Heroes!/Collection/Nature"
"Nature","Sagomon","","3-050","Rare","30","3","76","71","88","56","Nature","N/A","Perfect","Enemy Attack Down Large","14","Large Nature Attack Boost","14","https://digimon.fandom.com/wiki/Digimon%20Heroes!/Collection/Nature"
"Nature","Leviamon","","3-054","King","60","5","124","154","164","67","Nature","N/A","Ultimate","Weaken Dragon Enemies","11","Nature Release","7","https://digimon.fandom.com/wiki/Digimon%20Heroes!/Collection/Nature"
"Nature","Floramon","","4-040","Common","10","1","19","34","46","26","Nature","N/A","Child","Small Damage Return","5","Small Nature Attack Boost","7","https://digimon.fandom.com/wiki/Digimon%20Heroes!/Collection/Nature"
"Nature","Lunamon","","4-041","Common","10","1","22","34","49","30","Nature","N/A","Child","Small Damage Return","5","Nature Drive","5","https://digimon.fandom.com/wiki/Digimon%20Heroes!/Collection/Nature"
"Nature","Woodmon","","4-042","Queen","30","2","98","102","87","97","Nature","N/A","Adult","Nature Release","8","Large Defense Boost","15","https://digimon.fandom.com/wiki/Digimon%20Heroes!/Collection/Nature"
"Nature","Lilimon","","4-053","Uncommon","20","3","67","68","89","69","Nature","N/A","Perfect","Enemy Defense Down Large","14","Large Absorption","10","https://digimon.fandom.com/wiki/Digimon%20Heroes!/Collection/Nature"
"Nature","Xuanwumon","","4-054","King","50","4","96","103","112","97","Nature","N/A","Ultimate","Enemy Attack Down Extra Large","19","Total Recovery","15","https://digimon.fandom.com/wiki/Digimon%20Heroes!/Collection/Nature"
"Nature","Lekismon","","5-002","Uncommon","20","2","49","56","73","51","Nature","N/A","Adult","Medium Damage Return","7","Nature Release","8","https://digimon.fandom.com/wiki/Digimon%20Heroes!/Collection/Nature"
"Nature","Crescemon","","5-003","Rare","30","3","70","73","91","67","Nature","N/A","Perfect","Large Damage Return","10","All Nature","10","https://digimon.fandom.com/wiki/Digimon%20Heroes!/Collection/Nature"
"Nature","Plesiomon","","5-011","God","50","6","110","105","120","90","Nature","N/A","Ultimate","Enemy Attack Down Large","19","Large Recovery","10","https://digimon.fandom.com/wiki/Digimon%20Heroes!/Collection/Nature"
"Nature","Dukemon","","5-013","King","60","7","172","152","96","40","Nature","N/A","Ultimate","Large Damage to All","16","All Nature","10","https://digimon.fandom.com/wiki/Digimon%20Heroes!/Collection/Nature"
"Nature","Dianamon","","5-014","Queen","40","3","86","86","105","79","Nature","N/A","Ultimate","Weaken All Enemies","15","Big Enemy Attack Delay","15","https://digimon.fandom.com/wiki/Digimon%20Heroes!/Collection/Nature"
"Nature","Ceresmon","","5-050","God","60","7","184","134","168","78","Nature","N/A","Ultimate","Recovery Boost 2","8","Small Skill Boost","15","https://digimon.fandom.com/wiki/Digimon%20Heroes!/Collection/Nature"
"Nature","Lotusmon","","5-052","King","60","6","108","124","137","103","Nature","N/A","Ultimate","All Nine","9","Big Enemy Attack Delay","14","https://digimon.fandom.com/wiki/Digimon%20Heroes!/Collection/Nature"
"Nature","Betamon","","5-085","Common","10","2","32","41","64","22","Nature","N/A","Child","Small Damage Return","5","Nature Drive","5","https://digimon.fandom.com/wiki/Digimon%20Heroes!/Collection/Nature"
"Nature","Seadramon","","5-086","Uncommon","20","3","72","99","96","32","Nature","N/A","Adult","Medium Damage Return","7","Nature Drive","5","https://digimon.fandom.com/wiki/Digimon%20Heroes!/Collection/Nature"
"Nature","Waruseadramon","WaruSeadramon","5-087","Rare","40","4","98","101","109","45","Nature","N/A","Perfect","Small Absorption","6","Dragon Seal","5","https://digimon.fandom.com/wiki/Digimon%20Heroes!/Collection/Nature"
"Nature","Alraumon","","5-090","Common","10","2","51","48","44","23","Nature","N/A","Child","Dragon Support","5","Small Nature Attack Boost","7","https://digimon.fandom.com/wiki/Digimon%20Heroes!/Collection/Nature"
"Nature","Kiwimon","","5-091","Uncommon","20","3","101","88","79","48","Nature","N/A","Adult","Dragon Support","5","Medium Attack Boost","8","https://digimon.fandom.com/wiki/Digimon%20Heroes!/Collection/Nature"
"Nature","Sirenmon","","5-092","Queen","40","5","124","108","102","75","Nature","N/A","Perfect","Nature Release","8","Large Attack Boost","15","https://digimon.fandom.com/wiki/Digimon%20Heroes!/Collection/Nature"
"Nature","Turuiemon","","5-142","Uncommon","20","4","66","77","67","44","Nature","N/A","Adult","Enemy Attack Down Medium","9","Evolution 2","8","https://digimon.fandom.com/wiki/Digimon%20Heroes!/Collection/Nature"
"Nature","Dianamon","","5-209","SP","60","3","188","164","154","147","Nature","N/A","Ultimate","Damage Enemy","15","Big Enemy Attack Delay","14","https://digimon.fandom.com/wiki/Digimon%20Heroes!/Collection/Nature"
"Nature","Dukemon","","5-212","SP","60","7","192","198","164","100","Nature","N/A","Ultimate","Large Damage to All","15","All Nine","9","https://digimon.fandom.com/wiki/Digimon%20Heroes!/Collection/Nature"
"Nature","Leviamon","","5-219","SP","60","5","129","164","185","77","Nature","N/A","Ultimate","Weaken All Enemies","14","Nature Release","7","https://digimon.fandom.com/wiki/Digimon%20Heroes!/Collection/Nature"
"Nature","Ceresmon","","5-220","SP","60","7","192","134","188","99","Nature","N/A","Ultimate","Large Recovery","9","Small Skill Boost","14","https://digimon.fandom.com/wiki/Digimon%20Heroes!/Collection/Nature"
"Nature","Grankuwagamon","GranKuwagamon","5-224","SP","50","6","150","160","138","11","Nature","N/A","Ultimate","Damage All Enemies","21","Big Enemy Attack Delay","14","https://digimon.fandom.com/wiki/Digimon%20Heroes!/Collection/Nature"
"Nature","Dukemon","","5-238","God","60","7","176","158","122","112","Nature","N/A","Ultimate","Extra Large Damage to All","19","All Nature","9","https://digimon.fandom.com/wiki/Digimon%20Heroes!/Collection/Nature"
"Nature","Hawkmon","","5-247","Common","10","2","23","38","24","18","Nature","N/A","Child","Nature Drive","5","Evolution 1","6","https://digimon.fandom.com/wiki/Digimon%20Heroes!/Collection/Nature"
"Nature","Silphymon","","5-248","Uncommon","30","3","76","119","68","61","Nature","N/A","Perfect","Large Skill Boost","19","Evolution 2","7","https://digimon.fandom.com/wiki/Digimon%20Heroes!/Collection/Nature"
"Nature","Dianamon","","5-269","SP","60","3","188","164","154","147","Nature","N/A","Ultimate","Super-Maximum Shield Barbamon2","6","Big Enemy Attack Delay","14","https://digimon.fandom.com/wiki/Digimon%20Heroes!/Collection/Nature"
"Nature","Dukemon","","5-272","SP","60","7","192","198","164","100","Nature","N/A","Ultimate","Maximum Delay Attack Demon","14","All Nine","9","https://digimon.fandom.com/wiki/Digimon%20Heroes!/Collection/Nature"
"Nature","Kingetemon","KingEtemon","5-321","Rare","30","4","93","92","119","115","Nature","N/A","Ultimate","Big Enemy Attack Delay","15","Nature Drive","5","https://digimon.fandom.com/wiki/Digimon%20Heroes!/Collection/Nature"
"Nature","Monzaemon","","5-322","Rare","40","4","94","86","102","69","Nature","N/A","Perfect","Medium Recovery","8","Enemy Attack Down Large","14","https://digimon.fandom.com/wiki/Digimon%20Heroes!/Collection/Nature"
"Nature","Rosemon","","5-323","King","50","7","113","114","144","137","Nature","N/A","Ultimate","Extra Large Damage Return","13","Large Recovery","9","https://digimon.fandom.com/wiki/Digimon%20Heroes!/Collection/Nature"
"Nature","Xuanwumon","","5-371","SP","60","4","106","235","202","127","Nature","N/A","Ultimate","Maximum Weaken Attack","22","Total Recovery","14","https://digimon.fandom.com/wiki/Digimon%20Heroes!/Collection/Nature"
"Nature","Xuanwumon","","5-431","SP","60","4","106","235","202","127","Nature","N/A","Ultimate","Super-Maximum Shield Huanglongmon","6","Total Recovery","14","https://digimon.fandom.com/wiki/Digimon%20Heroes!/Collection/Nature"
"Nature","Kingetemon","KingEtemon","5-537","Rare","30","4","90","86","101","68","Nature","N/A","Ultimate","Big Enemy Attack Delay","15","Nature Drive","5","https://digimon.fandom.com/wiki/Digimon%20Heroes!/Collection/Nature"
"Nature","Monzaemon","","5-538","Rare","40","4","76","82","94","62","Nature","N/A","Perfect","Medium Recovery","8","Enemy Attack Down Large","14","https://digimon.fandom.com/wiki/Digimon%20Heroes!/Collection/Nature"
"Nature","Rosemon","","5-539","King","50","7","110","107","130","107","Nature","N/A","Ultimate","Extra Large Damage Return","13","Large Recovery","9","https://digimon.fandom.com/wiki/Digimon%20Heroes!/Collection/Nature"
"Nature","Atlurkabuterimon","AtlurKabuterimon","5-553","King","50","5","143","143","148","123","Nature","N/A","Perfect","Large Nature Attack Boost","13","Enemy Defense Down Large","13","https://digimon.fandom.com/wiki/Digimon%20Heroes!/Collection/Nature"
"Nature","Wendimon","","5-557","Common","20","2","59","58","64","36","Nature","N/A","Adult","Small Enemy Attack Delay","10","Medium Recovery Boost","7","https://digimon.fandom.com/wiki/Digimon%20Heroes!/Collection/Nature"
"Nature","Dinobeemon","","5-561","King","50","3","136","111","99","128","Nature","N/A","Perfect","Enemy Attack Down Large","13","Small Enemy Attack Delay","9","https://digimon.fandom.com/wiki/Digimon%20Heroes!/Collection/Nature"
"Nature","Silphymon","","5-564","King","50","3","104","128","90","104","Nature","N/A","Perfect","Large Skill Boost","19","Evolution 2","7","https://digimon.fandom.com/wiki/Digimon%20Heroes!/Collection/Nature"
"Nature","Minotaurmon","","5-565","Queen","40","4","142","124","101","60","Nature","N/A","Adult","Enemy Defense Down Large","14","Dark Drive","5","https://digimon.fandom.com/wiki/Digimon%20Heroes!/Collection/Nature"
"Nature","Lilimon","","5-573","SP +","60","3","115","116","126","150","Nature","N/A","Perfect","Enemy Defense Down Large","18","Large Absorption","9","https://digimon.fandom.com/wiki/Digimon%20Heroes!/Collection/Nature"
"Nature","Jyureimon","","5-575","God","50","3","99","148","172","103","Nature","N/A","Perfect","Recovery Boost 1","6","Small Skill Boost","15","https://digimon.fandom.com/wiki/Digimon%20Heroes!/Collection/Nature"
"Nature","Jewelbeemon","JewelBeemon","5-586","King","50","6","145","168","107","117","Nature","N/A","Perfect","Wild Boost","7","Extra Large Damage Return","13","https://digimon.fandom.com/wiki/Digimon%20Heroes!/Collection/Nature"
"Nature","Tyrantkabuterimon","TyrantKabuterimon","5-587","God","60","6","168","208","137","131","Nature","N/A","Ultimate","Enemy Attack Down Extra Large","18","Large Defense Boost","14","https://digimon.fandom.com/wiki/Digimon%20Heroes!/Collection/Nature"
"Nature","Yanmamon","","5-589","Queen","40","5","184","139","104","108","Nature","N/A","Adult","Large Nature Attack Boost","13","Nature Drive","4","https://digimon.fandom.com/wiki/Digimon%20Heroes!/Collection/Nature"
"Nature","Ceresmon Medium","","5-592","God","60","7","158","164","138","148","Nature","N/A","Ultimate","Small Recovery","5","All Healing","7","https://digimon.fandom.com/wiki/Digimon%20Heroes!/Collection/Nature"
"Nature","Stingmon","","5-597","Queen","40","4","130","110","140","120","Nature","N/A","Adult","Large Absorption","9","All Attack","4","https://digimon.fandom.com/wiki/Digimon%20Heroes!/Collection/Nature"
"Nature","Marinangemon","MarinAngemon","5-783","God","60","6","142","136","138","207","Nature","N/A","Ultimate","Recovery Boost 1","5","Medium Recovery","7","https://digimon.fandom.com/wiki/Digimon%20Heroes!/Collection/Nature"
"Nature","Drimogemon","","5-790","Queen","40","2","118","109","183","114","Nature","N/A","Adult","Evolution 1","5","Weaken Dragon Enemies","11","https://digimon.fandom.com/wiki/Digimon%20Heroes!/Collection/Nature"
"Nature","Grankuwagamon","GranKuwagamon","5-803","SP +","60","7","197","194","210","131","Nature","N/A","Ultimate","Large Damage to All","15","Small Enemy Attack Delay","9","https://digimon.fandom.com/wiki/Digimon%20Heroes!/Collection/Nature"
"Nature","Airdramon","","5-805","Queen","40","4","132","111","144","127","Nature","N/A","Adult","Large Damage Return","9","Knight Drive","4","https://digimon.fandom.com/wiki/Digimon%20Heroes!/Collection/Nature"
"Nature","Kuwagamon","","5-806","Queen","40","4","119","184","138","88","Nature","N/A","Adult","Medium Damage to All","11","Enemy Defense Down Medium","8","https://digimon.fandom.com/wiki/Digimon%20Heroes!/Collection/Nature"
"Nature","Oukuwamon","","5-807","King","50","5","181","111","107","141","Nature","N/A","Perfect","Large Damage to All","15","Enemy Defense Down Large","13","https://digimon.fandom.com/wiki/Digimon%20Heroes!/Collection/Nature"
"Nature","Karatenmon","","5-808","King","50","5","116","136","126","116","Nature","N/A","Perfect","Evolution 1","4","Extra Large Damage Return","12","https://digimon.fandom.com/wiki/Digimon%20Heroes!/Collection/Nature"
"Nature","Snimon","","5-811","Queen","40","4","204","124","99","104","Nature","N/A","Adult","All Knight","9","Large Knight Attack Boost","13","https://digimon.fandom.com/wiki/Digimon%20Heroes!/Collection/Nature"
"Nature","Yatagaramon","","5-837","SP +","60","7","235","184","145","147","Nature","N/A","Perfect","Big Enemy Attack Delay","14","Enemy Attack Down Large","13","https://digimon.fandom.com/wiki/Digimon%20Heroes!/Collection/Nature"
"Nature","Aquilamon","","5-839","Queen","40","5","107","222","109","86","Nature","N/A","Adult","All Nature","9","Evolution 1","5","https://digimon.fandom.com/wiki/Digimon%20Heroes!/Collection/Nature"
"Nature","Birdramon","","5-840","Queen","40","4","116","146","167","115","Nature","N/A","Adult","Enemy Defense Down Large","13","Large Nature Defense Boost","13","https://digimon.fandom.com/wiki/Digimon%20Heroes!/Collection/Nature"
"Nature","Cockatrimon","","5-842","Queen","40","5","111","136","164","105","Nature","N/A","Adult","Weaken Nature Enemies","11","Small Enemy Attack Delay","9","https://digimon.fandom.com/wiki/Digimon%20Heroes!/Collection/Nature"
"Nature","Saberdramon","","5-843","King","50","5","203","152","140","126","Nature","N/A","Adult","Large Damage to All","15","Large Nature Attack Boost","13","https://digimon.fandom.com/wiki/Digimon%20Heroes!/Collection/Nature"
"Nature","Deramon","","5-846","King","50","6","185","188","151","98","Nature","N/A","Perfect","Large Nature Attack Boost","13","Enemy Defense Down Large","13","https://digimon.fandom.com/wiki/Digimon%20Heroes!/Collection/Nature"
"Nature","Parrotmon","","5-847","God","60","6","172","168","158","146","Nature","N/A","Perfect","Weaken Nature Enemies","11","Large Damage to All","15","https://digimon.fandom.com/wiki/Digimon%20Heroes!/Collection/Nature"
"Nature","Heraklekabuterimon","HerakleKabuterimon","5-851","God","60","6","162","156","1674","138","Nature","N/A","Ultimate","Extra Large Nature Attack Boost","18","Enemy Defense Down Extra Large","18","https://digimon.fandom.com/wiki/Digimon%20Heroes!/Collection/Nature"
"Nature","Ceresmon","","5-852","God +","60","7","216","203","197","132","Nature","N/A","Ultimate","Large Recovery","9","Small Skill Boost","14","https://digimon.fandom.com/wiki/Digimon%20Heroes!/Collection/Nature"
"Nature","Ceresmon Medium","","5-853","God +","60","7","161","174","144","154","Nature","N/A","Ultimate","Medium Recovery","6","Nature Release","6","https://digimon.fandom.com/wiki/Digimon%20Heroes!/Collection/Nature"
"Nature","Vegimon","","5-873","Queen","40","4","115","154","158","112","Nature","N/A","Adult","Small Recovery","5","All Nature","9","https://digimon.fandom.com/wiki/Digimon%20Heroes!/Collection/Nature"
"Nature","Blossomon","","5-874","King","50","5","178","118","160","117","Nature","N/A","Perfect","Medium Damage to All","11","Large Nature Defense Boost","13","https://digimon.fandom.com/wiki/Digimon%20Heroes!/Collection/Nature"
"Nature","Whamon","","5-941","King","50","6","126","158","206","114","Nature","N/A","Perfect","All Attack","5","Large Damage to All","16","https://digimon.fandom.com/wiki/Digimon%20Heroes!/Collection/Nature"
"Nature","Shutumon","","5-990","SP +","70","7","123","140","176","172","Nature","N/A","Hybrid","Medium Recovery","6","Nature Release","6","https://digimon.fandom.com/wiki/Digimon%20Heroes!/Collection/Nature"
"Nature","Fairimon","","6-000","God","060","7","132","113","211","121","Nature","N/A","Hybrid","Recovery Boost 2","6","All Healing","6","https://digimon.fandom.com/wiki/Digimon%20Heroes!/Collection/Nature"
"Nature","Aegiochusmon Green","","6-007","King","50","5","149","113","165","132","Nature","N/A","Perfect","All Attack","4","Medium Recovery","7","https://digimon.fandom.com/wiki/Digimon%20Heroes!/Collection/Nature"
"Nature","Aegiochusmon Green","","6-008","God","60","7","165","122","173","151","Nature","N/A","Perfect","Three Elements","9","Large Recovery","9","https://digimon.fandom.com/wiki/Digimon%20Heroes!/Collection/Nature"
"Nature","Aegiochusmon Green","","6-009","God +","60","7","170","130","178","156","Nature","N/A","Perfect","All Nature","9","All Nine","9","https://digimon.fandom.com/wiki/Digimon%20Heroes!/Collection/Nature"
"Nature","Garudamon","","6-033","SP +","70","7","188","181","200","138","Nature","N/A","Perfect","Enemy Defense Down Extra Large","18","Large Skill Boost","19","https://digimon.fandom.com/wiki/Digimon%20Heroes!/Collection/Nature"
"Nature","Lilimon","","6-035","God","60","7","148","152","169","150","Nature","N/A","Perfect","Enemy Defense Down Extra Large","18","Large Absorption","9","https://digimon.fandom.com/wiki/Digimon%20Heroes!/Collection/Nature"
"Nature","Zudomon","","6-036","SP +","70","7","204","155","192","147","Nature","N/A","Perfect","Enemy Attack Down Large","13","Small Enemy Attack Delay","9","https://digimon.fandom.com/wiki/Digimon%20Heroes!/Collection/Nature"
"Nature","Hangyomon","","6-038","King","50","5","172","124","144","118","Nature","N/A","Perfect","Medium Damage to All","11","Three Elements","9","https://digimon.fandom.com/wiki/Digimon%20Heroes!/Collection/Nature"
"Nature","Igamon","","6-080","Queen","40","4","148","105","107","125","Nature","N/A","Adult","Nature Drive","4","Small Damage to All","7","https://digimon.fandom.com/wiki/Digimon%20Heroes!/Collection/Nature"
"Nature","Kougamon","","6-081","Queen","40","4","126","146","118","95","Nature","N/A","Adult","Dragon Support","4","Small Damage to All","7","https://digimon.fandom.com/wiki/Digimon%20Heroes!/Collection/Nature"
"Nature","Fujinmon","","6-103","SP +","70","7","144","138","219","127","Nature","N/A","Ultimate","All Nature","8","Large Skill Boost","18","https://digimon.fandom.com/wiki/Digimon%20Heroes!/Collection/Nature"
"Nature","Ebidramon","","6-106","Queen","40","6","137","117","131","118","Nature","N/A","Adult","Evolution 1","5","Large Nature Attack Boost","13","https://digimon.fandom.com/wiki/Digimon%20Heroes!/Collection/Nature"
"Nature","Shellmon","","6-107","Queen","40","5","152","148","131","111","Nature","N/A","Adult","Large Nature Defense Boost","13","Knight Drive","4","https://digimon.fandom.com/wiki/Digimon%20Heroes!/Collection/Nature"
"Nature","Mantaraymon","","6-108","Queen","40","5","163","120","129","114","Nature","N/A","Armor","Nature Release","7","Small Enemy Attack Delay","9","https://digimon.fandom.com/wiki/Digimon%20Heroes!/Collection/Nature"
"Nature","Rukamon","","6-109","Queen","40","5","143","114","142","123","Nature","N/A","Adult","Small Skill Boost","14","Wild Boost","7","https://digimon.fandom.com/wiki/Digimon%20Heroes!/Collection/Nature"
"Nature","Waspmon","","6-112","Queen","40","5","158","112","98","123","Nature","N/A","Adult","Enemy Defense Down Medium","8","Large Absorption","9","https://digimon.fandom.com/wiki/Digimon%20Heroes!/Collection/Nature"
"Nature","Eldoradimon","ElDoradimon","6-115","God +","60","7","189","211","156","147","Nature","N/A","Ultimate","Weaken Dragon Enemies","11","Evolution 1","5","https://digimon.fandom.com/wiki/Digimon%20Heroes!/Collection/Nature"
"Nature","Petermon","","6-145","SP +","70","7","173","141","195","127","Nature","N/A","Adult","Three Elements","9","Large Nature Attack Boost","13","https://digimon.fandom.com/wiki/Digimon%20Heroes!/Collection/Nature"
"Nature","Redvegimon","RedVegimon","6-146","Queen","40","4","128","164","146","88","Nature","N/A","Adult","Large Nature Defense Boost","13","Dragon Support","4","https://digimon.fandom.com/wiki/Digimon%20Heroes!/Collection/Nature"
"Nature","Mermaimon","","6-151","King","50","5","151","132","127","136","Nature","N/A","Perfect","Nature Release","7","Extra-Large Recovery Boost","14","https://digimon.fandom.com/wiki/Digimon%20Heroes!/Collection/Nature"
"Nature","Jyagamon","","6-152","King","50","5","138","161","146","133","Nature","N/A","Perfect","Extra Large Defense Boost","21","Large Recovery","9","https://digimon.fandom.com/wiki/Digimon%20Heroes!/Collection/Nature"
"Nature","Numemon","","6-183","Rare","30","5","135","78","99","110","Nature","N/A","Adult","Evolution 1","5","Evolution 1","5","https://digimon.fandom.com/wiki/Digimon%20Heroes!/Collection/Nature"
"Nature","Karatukinumemon","KaratukiNumemon","6-184","Rare","30","5","98","185","99","130","Nature","N/A","Adult","Evolution 1","6","Evolution 1","6","https://digimon.fandom.com/wiki/Digimon%20Heroes!/Collection/Nature"
"Nature","Geremon","","6-185","Rare","1","5","1","1","1","1","Nature","N/A","Adult","Evolution 1","6","Evolution 1","6","https://digimon.fandom.com/wiki/Digimon%20Heroes!/Collection/Nature"
"Nature","Tonosamagekomon","TonosamaGekomon","6-195","God","60","7","184","161","143","144","Nature","N/A","Perfect","Dragon Support","4","Big Enemy Attack Delay","14","https://digimon.fandom.com/wiki/Digimon%20Heroes!/Collection/Nature"
"Nature","Waruseadramon","WaruSeadramon","6-196","Queen","40","5","139","131","148","103","Nature","N/A","Perfect","Large Absorption","9","Dragon Seal","4","https://digimon.fandom.com/wiki/Digimon%20Heroes!/Collection/Nature"
"Nature","Seadramon","","6-197","Queen","40","5","129","143","151","99","Nature","N/A","Adult","Large Damage Return","9","Nature Drive","4","https://digimon.fandom.com/wiki/Digimon%20Heroes!/Collection/Nature"
"Nature","Snimon","","6-198","King","50","5","210","132","119","114","Nature","N/A","Adult","All Knight","9","Extra Large Knight Attack Boost","18","https://digimon.fandom.com/wiki/Digimon%20Heroes!/Collection/Nature"
"Nature","Octmon","","6-199","King","50","6","151","141","155","131","Nature","N/A","Adult","Enemy Defense Down Extra Large","18","Large Nature Defense Boost","13","https://digimon.fandom.com/wiki/Digimon%20Heroes!/Collection/Nature"
"Nature","Hanumon","","6-200","Queen","40","4","139","118","127","128","Nature","N/A","Adult","Large Nature Attack Boost","13","Three Elements","9","https://digimon.fandom.com/wiki/Digimon%20Heroes!/Collection/Nature"
"Nature","Seahomon","","6-224","Queen","40","4","87","203","104","57","Nature","N/A","Armor","Three Elements","9","Small Skill Boost","14","https://digimon.fandom.com/wiki/Digimon%20Heroes!/Collection/Nature"
"Nature","Megaseadramon","MegaSeadramon","6-225","King","50","5","141","105","164","114","Nature","N/A","Perfect","Medium Knight Defense Boost","8","Weaken All Enemies","14","https://digimon.fandom.com/wiki/Digimon%20Heroes!/Collection/Nature"
"Nature","Babamon","","6-246","SP +","70","7","132","187","177","263","Nature","N/A","Ultimate","Large Skill Boost","19","All Nine","9","https://digimon.fandom.com/wiki/Digimon%20Heroes!/Collection/Nature"
"Nature","Kyukimon","","6-248","SP +","70","7","188","116","156","159","Nature","N/A","Perfect","Enemy Defense Down Large","12","Wild Boost","6","https://digimon.fandom.com/wiki/Digimon%20Heroes!/Collection/Nature"
"Nature","Gesomon","","6-252","Queen","40","4","115","75","128","194","Nature","N/A","Adult","Small Nature Attack Boost","6","Small Absorption","5","https://digimon.fandom.com/wiki/Digimon%20Heroes!/Collection/Nature"
"Nature","Vegimon","","6-254","Queen","40","4","78","130","123","176","Nature","N/A","Adult","Dragon Support","4","Knight Support","4","https://digimon.fandom.com/wiki/Digimon%20Heroes!/Collection/Nature"
"Nature","Manbomon","","6-255","Queen","40","4","145","124","108","130","Nature","N/A","Armor","Medium Defense Boost","7","Medium Recovery Boost","6","https://digimon.fandom.com/wiki/Digimon%20Heroes!/Collection/Nature"
"Nature","Jijimon","","6-256","God","60","7","87","135","101","173","Nature","N/A","Ultimate","Evolution 2","8","Wild Boost","8","https://digimon.fandom.com/wiki/Digimon%20Heroes!/Collection/Nature"
"Nature","Daipenmon","","6-259","God +","60","7","165","254","177","45","Nature","N/A","Hybrid","Medium Damage Return","6","All Healing","7","https://digimon.fandom.com/wiki/Digimon%20Heroes!/Collection/Nature"
"Nature","Hyougamon","","6-338","King","50","5","171","101","195","188","Nature","N/A","Adult","Suicide Attack","12","Small Recovery","6","https://digimon.fandom.com/wiki/Digimon%20Heroes!/Collection/Nature"
"Nature","Moosemon","","6-339","King","50","5","101","108","170","188","Nature","N/A","Armor","Medium Nature Attack Boost","8","Weaken Knight Enemies","11","https://digimon.fandom.com/wiki/Digimon%20Heroes!/Collection/Nature"
"Nature","Ranamon","","6-340","God","60","7","80","133","104","176","Nature","N/A","Hybrid","Small Enemy Attack Delay","8","Nature Release","6","https://digimon.fandom.com/wiki/Digimon%20Heroes!/Collection/Nature"
"Nature","Marindevimon","MarinDevimon","6-343","God","60","7","95","132","199","163","Nature","N/A","Perfect","Enemy Attack Down Small","6","Small Absorption","5","https://digimon.fandom.com/wiki/Digimon%20Heroes!/Collection/Nature"
"Nature","Raremon","","6-344","Queen","40","4","181","59","201","123","Nature","N/A","Adult","Nature Drive","5","All Attack","5","https://digimon.fandom.com/wiki/Digimon%20Heroes!/Collection/Nature"
"Nature","Cho Hakkaimon","","6-349","King","50","5","216","132","144","114","Nature","N/A","Perfect","Enemy Attack Down Large","14","Evolution 2","8","https://digimon.fandom.com/wiki/Digimon%20Heroes!/Collection/Nature"
"Nature","Digmon","","6-372","Queen","40","4","112","194","158","101","Nature","N/A","Armor","Medium Defense Boost","8","Medium Damage to All","12","https://digimon.fandom.com/wiki/Digimon%20Heroes!/Collection/Nature"
"Nature","Thunderbirmon","","6-374","King","50","5","105","124","129","100","Nature","N/A","Armor","Knight Support","4","Nature Drive","4","https://digimon.fandom.com/wiki/Digimon%20Heroes!/Collection/Nature"
"Nature","Reppamon","","6-378","King","50","5","115","103","140","131","Nature","N/A","Adult","All Nature","8","Large Recovery","8","https://digimon.fandom.com/wiki/Digimon%20Heroes!/Collection/Nature"
"Nature","Piyomon","","6-405","God","30","7","97","154","169","164","Nature","N/A","Child","Small Recovery Boost","4","Weaken All Enemies","14","https://digimon.fandom.com/wiki/Digimon%20Heroes!/Collection/Nature"
"Nature","Funbeemon","FunBeemon","6-408","Rare","30","5","91","121","86","124","Nature","N/A","Child","Enemy Attack Down Small","6","Small Attack Boost","5","https://digimon.fandom.com/wiki/Digimon%20Heroes!/Collection/Nature"
"Nature","Swimmon","","6-409","Rare","30","5","143","120","93","112","Nature","N/A","Child","Small Defense Boost","6","Extreme Elements","10","https://digimon.fandom.com/wiki/Digimon%20Heroes!/Collection/Nature"
"Nature","Monzaemon","","6-423","King","50","5","175","116","184","123","Nature","N/A","Perfect","Weaken All Enemies","14","Evolution 1","5","https://digimon.fandom.com/wiki/Digimon%20Heroes!/Collection/Nature"
"Nature","Chackmon","","6-427","God","60","7","174","181","144","178","Nature","N/A","Hybrid","Enemy Defense Down Medium","8","Medium Recovery","7","https://digimon.fandom.com/wiki/Digimon%20Heroes!/Collection/Nature"
"Nature","Minotaurmon","","6-445","God +","60","7","237","134","234","117","Nature","N/A","Adult","All Attack","5","Extra Large Sacrifice Strike","19","https://digimon.fandom.com/wiki/Digimon%20Heroes!/Collection/Nature"
"Nature","Minotaurmon","","6-448","God","60","7","208","134","204","91","Nature","N/A","Adult","All Attack","5","Large Sacrifice Strike","14","https://digimon.fandom.com/wiki/Digimon%20Heroes!/Collection/Nature"
"Nature","Lalamon","","6-470","God +","10","2","27","39","32","33","Nature","N/A","Child","Small Defense Boost","6","Small Absorption","6","https://digimon.fandom.com/wiki/Digimon%20Heroes!/Collection/Nature"
"Nature","Floramon","","6-471","God +","10","2","19","34","46","26","Nature","N/A","Child","Small Recovery Boost","5","All Healing","8","https://digimon.fandom.com/wiki/Digimon%20Heroes!/Collection/Nature"
"Nature","Lunamon","","6-473","God +","10","2","22","34","49","30","Nature","N/A","Child","Small Nature Attack Boost","7","Reshuffle (nature)","7","https://digimon.fandom.com/wiki/Digimon%20Heroes!/Collection/Nature"
"Nature","Tyrantkabuterimon","TyrantKabuterimon","6-478","God +","60","7","197","145","189","113","Nature","N/A","Ultimate","Medium KO Enemy","8","Weaken All Enemies","14","https://digimon.fandom.com/wiki/Digimon%20Heroes!/Collection/Nature"
"Nature","Yukiagumon","YukiAgumon","6-479","Rare","30","5","138","98","123","77","Nature","N/A","Child","Small Damage to All","7","Medium Nature Attack Boost","8","https://digimon.fandom.com/wiki/Digimon%20Heroes!/Collection/Nature"
"Nature","Yukidarumon","","6-480","Queen","40","4","185","155","143","100","Nature","N/A","Adult","Medium Recovery","8","All Nature","10","https://digimon.fandom.com/wiki/Digimon%20Heroes!/Collection/Nature"
"Nature","Rosemon","","6-529","King","50","7","110","107","130","107","Nature","N/A","Ultimate","Extra Large Damage Return","13","Large Recovery","9","https://digimon.fandom.com/wiki/Digimon%20Heroes!/Collection/Nature"
"Nature","Griffomon","","6-545","God +","60","7","123","125","158","181","Nature","N/A","Ultimate","Enemy Attack Down Medium","7","Medium Recovery","6","https://digimon.fandom.com/wiki/Digimon%20Heroes!/Collection/Nature"
"Nature","Hippogriffomon","","6-546","God +","60","7","133","154","167","159","Nature","N/A","Perfect","Medium-High KO Enemy","13","Weaken All Enemies","14","https://digimon.fandom.com/wiki/Digimon%20Heroes!/Collection/Nature"
"Nature","Griffomon","","6-548","God","60","7","113","115","138","171","Nature","N/A","Ultimate","Enemy Attack Down Small","7","Small Recovery","6","https://digimon.fandom.com/wiki/Digimon%20Heroes!/Collection/Nature"
"Nature","Hippogriffomon","","6-549","God","60","7","101","148","157","129","Nature","N/A","Perfect","Low KO Enemy","6","Small Defense Boost","5","https://digimon.fandom.com/wiki/Digimon%20Heroes!/Collection/Nature"
"Nature","Lotusmon","","6-578","King","60","6","108","124","137","103","Nature","N/A","Ultimate","All Nine","9","Big Enemy Attack Delay","14","https://digimon.fandom.com/wiki/Digimon%20Heroes!/Collection/Nature"
"Nature","Tigervespamon","TigerVespamon","6-581","King","50","5","201","96","154","124","Nature","N/A","Ultimate","Medium Attack Boost","6","Medium KO Enemy","7","https://digimon.fandom.com/wiki/Digimon%20Heroes!/Collection/Nature"
"Nature","Neptunemon","","6-582","Queen","40","4","190","87","134","123","Nature","N/A","Ultimate","Medium Damage to All","11","Medium Defense Boost","7","https://digimon.fandom.com/wiki/Digimon%20Heroes!/Collection/Nature"
"Nature","Lalamon","","6-583","Rare","10","5","27","39","32","33","Nature","N/A","Child","Dragon Support","5","Knight Support","5","https://digimon.fandom.com/wiki/Digimon%20Heroes!/Collection/Nature"
"Nature","Falcomon","","6-583","Rare","30","5","106","121","98","92","Nature","N/A","Child","Small Nature Defense Boost","6","Nature Drive","4","https://digimon.fandom.com/wiki/Digimon%20Heroes!/Collection/Nature"
"Nature","Bastemon","","6-588","King","50","5","102","133","145","131","Nature","N/A","Perfect","Small Absorption","5","Nature Release","7","https://digimon.fandom.com/wiki/Digimon%20Heroes!/Collection/Nature"
"Nature","Fairimon","","6-614","SP +","70","7","151","181","145","167","Nature","N/A","Ultimate","Medium Nature Defense Boost","7","Large Recovery","8","https://digimon.fandom.com/wiki/Digimon%20Heroes!/Collection/Nature"
"Nature","Mermaimon","","6-616","SP +","70","7","163","205","146","162","Nature","N/A","Perfect","Large Nature Attack Boost","13","All Nine","9","https://digimon.fandom.com/wiki/Digimon%20Heroes!/Collection/Nature"
"Nature","Olegmon","","6-622","King","50","5","149","180","173","121","Nature","N/A","Xros Wars","Large Nature Attack Boost","14","Nature Drive","5","https://digimon.fandom.com/wiki/Digimon%20Heroes!/Collection/Nature"
"Nature","Kingetemon","KingEtemon","6-680","King","30","4","90","86","101","68","Nature","N/A","Ultimate","Big Enemy Attack Delay","15","Nature Drive","5","https://digimon.fandom.com/wiki/Digimon%20Heroes!/Collection/Nature"
"Nature","Rosemon Burstmode","Rosemon Burst Mode","6-719","SP +","70","7","147","174","166","213","Nature","N/A","Ultimate","Large Skill Boost","19","Evolution 2","7","https://digimon.fandom.com/wiki/Digimon%20Heroes!/Collection/Nature"
"Nature","Ravmon Burstmode","Ravmon Burst Mode","6-720","SP +","70","7","152","164","146","187","Nature","N/A","Ultimate","Large Nature Attack Boost","12","Large Absorption","8","https://digimon.fandom.com/wiki/Digimon%20Heroes!/Collection/Nature"
"Nature","Rosemon Burstmode","Rosemon Burst Mode","6-722","God +","50","7","128","159","140","132","Nature","N/A","Ultimate","Wild Boost","7","Total Recovery","14","https://digimon.fandom.com/wiki/Digimon%20Heroes!/Collection/Nature"
"Nature","Ravmon Burstmode","Ravmon Burst Mode","6-723","God +","60","7","153","105","176","128","Nature","N/A","Ultimate","Medium Recovery Boost","5","Enemy Defense Down Large","12","https://digimon.fandom.com/wiki/Digimon%20Heroes!/Collection/Nature"
"Nature","Lotusmon","","6-725","God","60","7","152","147","171","134","Nature","N/A","Ultimate","Large Nature Attack Boost","13","Replace (nature)","6","https://digimon.fandom.com/wiki/Digimon%20Heroes!/Collection/Nature"
"Nature","Wormmon","","6-727","Rare","30","5","101","104","89","145","Nature","N/A","Child","Small Nature Attack Boost","6","Medium Recovery","7","https://digimon.fandom.com/wiki/Digimon%20Heroes!/Collection/Nature"
"Nature","Rosemon Burstmode","Rosemon Burst Mode","6-753","SP +","70","7","156","180","176","219","Nature","N/A","Ultimate","Large Skill Boost","19","Evolution 2","7","https://digimon.fandom.com/wiki/Digimon%20Heroes!/Collection/Nature"
"Nature","Ravmon Burstmode","Ravmon Burst Mode","6-754","SP +","70","7","163","171","159","193","Nature","N/A","Ultimate","Large Nature Attack Boost","12","Large Absorption","8","https://digimon.fandom.com/wiki/Digimon%20Heroes!/Collection/Nature"
"Nature","Dianamon","","6-760","SP +","70","7","177","125","164","190","Nature","N/A","Ultimate","Evolution 1","4","Total Recovery","13","https://digimon.fandom.com/wiki/Digimon%20Heroes!/Collection/Nature"
"Nature","Lotusmon","","6-807","God","60","7","160","152","178","140","Nature","N/A","Ultimate","Large Nature Attack Boost","13","Replace (nature)","6","https://digimon.fandom.com/wiki/Digimon%20Heroes!/Collection/Nature"
"Nature","Gekomon","","6-861","Uncommon","25","4","91","101","120","91","Nature","N/A","Adult","Nature Support","4","Wild Boost","7","https://digimon.fandom.com/wiki/Digimon%20Heroes!/Collection/Nature"
"Nature","Cho Hakkaimon","","6-874","God","70","7","243","184","172","75","Nature","N/A","Perfect","All Nature","9","Medium Attack Boost","7","https://digimon.fandom.com/wiki/Digimon%20Heroes!/Collection/Nature"
"Nature","Sagomon","","6-875","God","70","7","121","156","123","157","Nature","N/A","Perfect","Total Recovery","13","Evolution 1","4","https://digimon.fandom.com/wiki/Digimon%20Heroes!/Collection/Nature"
"Nature","Gokuwmon","","6-877","God","60","7","169","117","181","139","Nature","N/A","Perfect","Weaken Knight Enemies","11","All Attack","4","https://digimon.fandom.com/wiki/Digimon%20Heroes!/Collection/Nature"
"Nature","Muchomon","","6-879","Rare","30","5","123","130","101","128","Nature","N/A","Child","Small Defense Boost","6","Medium Nature Defense Boost","9","https://digimon.fandom.com/wiki/Digimon%20Heroes!/Collection/Nature"
"Nature","Makuramon","","6-880","King","50","5","143","143","145","120","Nature","N/A","Perfect","Medium Recovery Boost","6","Replace All","6","https://digimon.fandom.com/wiki/Digimon%20Heroes!/Collection/Nature"
"Nature","Ceresmon Medium","","6-889","God","60","7","158","164","138","148","Nature","N/A","Ultimate","Small Recovery","5","All Healing","7","https://digimon.fandom.com/wiki/Digimon%20Heroes!/Collection/Nature"
"Nature","Ceresmon Medium","","6-890","God","60","7","168","174","148","158","Nature","N/A","Ultimate","Small Recovery","4","All Healing","6","https://digimon.fandom.com/wiki/Digimon%20Heroes!/Collection/Nature"
"Nature","Rosemon X antibody","Rosemon X-Antibody","6-900","SP +","70","7","163","190","173","195","Nature","N/A","Ultimate","Medium KO All","7","Total Recovery","13","https://digimon.fandom.com/wiki/Digimon%20Heroes!/Collection/Nature"
"Nature","Lilimon X antibody","Lilimon X-Antibody","6-901","SP +","70","7","140","185","158","216","Nature","N/A","Perfect","All Nine","8","Total Recovery","13","https://digimon.fandom.com/wiki/Digimon%20Heroes!/Collection/Nature"
"Nature","Harpymon","","6-937","King","50","5","135","122","119","114","Nature","N/A","Armor","Wild Boost","7","Knight Seal","4","https://digimon.fandom.com/wiki/Digimon%20Heroes!/Collection/Nature"
"Nature","Jupitermon","","6-940","God +","50","7","202","167","171","162","Nature","N/A","Ultimate","Large Skill Boost","19","Dragon Support","4","https://digimon.fandom.com/wiki/Digimon%20Heroes!/Collection/Nature"
"Nature","Jupitermon","","6-940","God +","40","7","202","167","171","162","Nature","N/A","Ultimate","Large Skill Boost","19","Dragon Support","4","https://digimon.fandom.com/wiki/Digimon%20Heroes!/Collection/Nature"
"Nature","Jupitermon","","6-940","God +","60","7","202","167","171","162","Nature","N/A","Ultimate","Large Skill Boost","19","Dragon Support","4","https://digimon.fandom.com/wiki/Digimon%20Heroes!/Collection/Nature"
"Nature","Blitzmon","","6-953","SP +","70","7","211","230","198","195","Nature","N/A","Hybrid","All Nine","9","All Nature","9","https://digimon.fandom.com/wiki/Digimon%20Heroes!/Collection/Nature"
"Nature","Fairimon","","6-954","SP +","70","7","123","169","150","203","Nature","N/A","Hybrid","Total Recovery","13","Evolution 2","6","https://digimon.fandom.com/wiki/Digimon%20Heroes!/Collection/Nature"
"Nature","Chackmon","","6-955","SP +","70","7","184","148","172","116","Nature","N/A","Hybrid","Medium Attack Boost","7","All Attack","4","https://digimon.fandom.com/wiki/Digimon%20Heroes!/Collection/Nature"
"Nature","Tonosamagekomon","TonosamaGekomon","6-958","King","50","5","140","178","195","101","Nature","N/A","Perfect","Medium Nature Attack Boost","9","Large Absorption","10","https://digimon.fandom.com/wiki/Digimon%20Heroes!/Collection/Nature"
"Nature","Ancienttroiamon","AncientTroiamon","7-036","Queen","40","4","124","188","158","143","Nature","N/A","Hybrid","Large Recovery","9","Replace (nature)","6","https://digimon.fandom.com/wiki/Digimon%20Heroes!/Collection/Nature"
"Nature","Arbormon","","7-038","King","50","5","134","106","137","193","Nature","N/A","Hybrid","Weaken Dragon Enemies","11","Medium Nature Defense Boost","8","https://digimon.fandom.com/wiki/Digimon%20Heroes!/Collection/Nature"
